/*
Navicat MySQL Data Transfer

Source Server         : zh
Source Server Version : 50617
Source Host           : localhost:3306
Source Database       : fenda

Target Server Type    : MYSQL
Target Server Version : 50617
File Encoding         : 65001

Date: 2017-10-10 18:33:23
*/

SET FOREIGN_KEY_CHECKS=0;

-- ----------------------------
-- Table structure for fd_ask
-- ----------------------------
DROP TABLE IF EXISTS `fd_ask`;
CREATE TABLE `fd_ask` (
  `id` int(11) NOT NULL AUTO_INCREMENT,
  `ask_content` varchar(255) DEFAULT NULL,
  `user_id` int(11) NOT NULL DEFAULT '0',
  `vip_id` int(11) NOT NULL DEFAULT '0',
  `create_time` int(11) NOT NULL DEFAULT '0',
  `answer_content` varchar(255) DEFAULT NULL,
  `like_num` int(11) NOT NULL DEFAULT '0',
  `listen_num` int(11) NOT NULL DEFAULT '0',
  `is_public` tinyint(3) NOT NULL DEFAULT '1',
  `status` tinyint(3) NOT NULL DEFAULT '1',
  `duration` int(11) DEFAULT NULL,
  PRIMARY KEY (`id`)
) ENGINE=MyISAM AUTO_INCREMENT=25 DEFAULT CHARSET=utf8;

-- ----------------------------
-- Records of fd_ask
-- ----------------------------
INSERT INTO `fd_ask` VALUES ('1', '为什么想赚钱的人有那么多？为什么大多数人还是没赚到钱呢？', '10', '1', '211231', null, '12', '23', '1', '1', null);
INSERT INTO `fd_ask` VALUES ('2', '现实生存发展（钱）和内心找一个平衡。平衡你就快乐。失衡，很多很多很多人都没衡。身份定位，我的问题一直是这里。我一直不认可不支持自己的身份定位  ？', '5', '1', '544445', null, '121', '0', '1', '1', null);
INSERT INTO `fd_ask` VALUES ('3', '您好。本不打算叨扰您，但是还是要小说一句。终于发现，以前学来的 听来的 看来的 经历来的 …都不是无用之功。人习惯找不到自己，其实也许只是时机不够到 ？', '15', '1', '454444', null, '1215', '232', '1', '1', null);
INSERT INTO `fd_ask` VALUES ('4', '去一直想去的大公司面试了两轮，第三轮说面试官出差回来再面，等了半个月打电话问说人事去校招了，十一后回来！我裸辞北京房租挺贵的。心里不平衡又着急又想去，我该怎么办', '7', '2', '222222', null, '1', '115', '1', '1', null);
INSERT INTO `fd_ask` VALUES ('5', '如何看待一个公司，绝大部分人不是上班的，可以理解成“闲”', '24', '2', '666666', null, '2', '4', '1', '1', null);
INSERT INTO `fd_ask` VALUES ('6', '部门上级男和下级「女」通奸。部门上级家属也知道此事，下级女也去男方家里闹过。公司总经理和分管副总都知道此事没有做出动作。下级女和我有直接竞争，现在对我不是很利', '8', '3', '99999', null, '3', '6', '1', '1', null);
INSERT INTO `fd_ask` VALUES ('7', '我从传统公司跳槽到互联网小公司，只有我一个运营（APP，新媒体），有很多事情都是自己摸索在做，领导又是非运营出身，也有很多不懂。目前有点吃力又迷茫，是否该跳槽？', '6', '3', '44848', null, '5', '3', '1', '1', null);
INSERT INTO `fd_ask` VALUES ('8', '摄影工作室 销售就我1个 销售这块只有我懂 有个系统干货培训不错 我要推荐给我老板听吗？怕他们学会销售和管理以后 会找人来替代我 系统是可复制迁移 我工资拿高 ', '23', '3', '311656', null, '46', '6', '1', '1', null);
INSERT INTO `fd_ask` VALUES ('9', '杨老师，你认为孩子马虎的习惯可以改过来么？应该怎么改？有什么好的方法么？', '6', '4', '644', null, '48', '4', '1', '1', null);
INSERT INTO `fd_ask` VALUES ('10', '大二工业工程专业(知识面广但不精)学生。对本专业比较感兴趣，但以此为生又不甘心。所以对于是否考研感到迷茫(若以此为生必考，若不呢？若不，考研感觉浪费时间)。求解', '11', '4', '646464', null, '61', '6', '1', '1', null);
INSERT INTO `fd_ask` VALUES ('11', '经常会在一些场合不会说话，描述一次你曾经不会说话的经历吧？', '3', '5', '646464', null, '0', '6', '1', '1', null);
INSERT INTO `fd_ask` VALUES ('12', '在满负荷工作的情况下，如何挤时间看书？', '12', '10', '31646', null, '2', '3', '1', '1', null);
INSERT INTO `fd_ask` VALUES ('13', '想请教阁下，用户在快问的一个领域下提问（产生了一个订单），假设这个领域下有800个专家。分答是如分配这个订单的呢？（难道800个人凭运气抢单吗？）很好奇，哈哈', '13', '11', '64899', null, '16', '156', '1', '1', null);
INSERT INTO `fd_ask` VALUES ('14', '我有强迫症。注意很是不集中。无法专注。阅读总是分心。找不到灵感。请您教我一些阅读的方法，如何做到高效，专注？', '4', '11', '64464', null, '4', '156', '1', '1', null);
INSERT INTO `fd_ask` VALUES ('15', '我终于悟到了是。为什么一直让你们解除拉黑，因为我想让你们亲自看看，我是怎样一步一步变的厉害 变的很厉害，变的比你们厉害的 ，仅此而已', '5', '11', '311351', null, '8', '14', '1', '1', null);
INSERT INTO `fd_ask` VALUES ('16', '如何系统的学习股市？', '11', '12', '346464', null, '4', '46', '1', '1', null);
INSERT INTO `fd_ask` VALUES ('17', '马上端午节，有一些什么技巧过节，可以过的开心、又有收获？', '14', '13', '31644', null, '6', '5', '1', '1', null);
INSERT INTO `fd_ask` VALUES ('18', '大学开始就只做自己喜欢的事。上社会自然想这样，可很难做到，能做的不爱做，一边做一边痛苦。是否应该放弃内心，追求利益最大化', '21', '14', '546464', null, '48', '165', '1', '1', null);
INSERT INTO `fd_ask` VALUES ('19', '人必须要解决的事情，永远也无法回避的事情是什么（每个阶段都有最重要和次重要的事，但什么事是贯穿始终的），仔细思考举例回答', '5', '14', '64641', null, '6', '16', '1', '1', null);
INSERT INTO `fd_ask` VALUES ('20', '人的命运是怎么一回事情？ 如果把它缩小成一天，每一天真实的过好就行，那人就可以掌控命运。但还有思维不同人思维塑造不同命运', '24', '14', '316161', null, '1', '156', '1', '1', null);
INSERT INTO `fd_ask` VALUES ('21', '本人性别男，看了您一点儿成长史，总结来说就一句话，在自己喜欢的事情上顺便拿点钱，是这样子不 ？', '26', '15', '116161', null, '3', '45', '1', '1', null);
INSERT INTO `fd_ask` VALUES ('22', '32岁，在一家国企做销售八年，各领导对我都很好，2月刚调动到家乡任职，现遇到一个平台和收入都很好的职位，很心动，却同时觉得对企业和领导感情观上过不去，希望指导', '27', '16', '646466', null, '8', '16', '1', '1', null);
INSERT INTO `fd_ask` VALUES ('23', '您好！毕业后在外企做技术9年，去年考了MBA想寻求销售或管理类工作。不料今年失业，工作未定，学校也已开学。不知道还有没有必要去读？我该如何规划？因必须立马决策！', '9', '0', '31212', null, '6', '64', '1', '1', null);
INSERT INTO `fd_ask` VALUES ('24', '女，26，父母兄长希望我在老家找个稳定工作上班，我想出去闯一闯。现在沟通不畅僵持不下。我该怎么办？', '7', '0', '316566', null, '0', '66', '1', '1', null);

-- ----------------------------
-- Table structure for fd_ask_buy
-- ----------------------------
DROP TABLE IF EXISTS `fd_ask_buy`;
CREATE TABLE `fd_ask_buy` (
  `id` int(11) NOT NULL AUTO_INCREMENT,
  `ask_id` int(11) NOT NULL DEFAULT '0',
  `user_id` int(11) NOT NULL DEFAULT '0',
  PRIMARY KEY (`id`)
) ENGINE=MyISAM AUTO_INCREMENT=39 DEFAULT CHARSET=utf8;

-- ----------------------------
-- Records of fd_ask_buy
-- ----------------------------
INSERT INTO `fd_ask_buy` VALUES ('1', '1', '1');
INSERT INTO `fd_ask_buy` VALUES ('2', '1', '3');
INSERT INTO `fd_ask_buy` VALUES ('3', '1', '4');
INSERT INTO `fd_ask_buy` VALUES ('4', '1', '6');
INSERT INTO `fd_ask_buy` VALUES ('5', '1', '7');
INSERT INTO `fd_ask_buy` VALUES ('6', '2', '1');
INSERT INTO `fd_ask_buy` VALUES ('7', '2', '3');
INSERT INTO `fd_ask_buy` VALUES ('8', '2', '2');
INSERT INTO `fd_ask_buy` VALUES ('9', '2', '6');
INSERT INTO `fd_ask_buy` VALUES ('10', '2', '11');
INSERT INTO `fd_ask_buy` VALUES ('11', '2', '12');
INSERT INTO `fd_ask_buy` VALUES ('12', '2', '14');
INSERT INTO `fd_ask_buy` VALUES ('13', '2', '18');
INSERT INTO `fd_ask_buy` VALUES ('14', '3', '20');
INSERT INTO `fd_ask_buy` VALUES ('15', '3', '12');
INSERT INTO `fd_ask_buy` VALUES ('16', '3', '14');
INSERT INTO `fd_ask_buy` VALUES ('17', '3', '23');
INSERT INTO `fd_ask_buy` VALUES ('18', '4', '29');
INSERT INTO `fd_ask_buy` VALUES ('19', '4', '11');
INSERT INTO `fd_ask_buy` VALUES ('20', '4', '12');
INSERT INTO `fd_ask_buy` VALUES ('21', '4', '3');
INSERT INTO `fd_ask_buy` VALUES ('22', '5', '1');
INSERT INTO `fd_ask_buy` VALUES ('23', '5', '5');
INSERT INTO `fd_ask_buy` VALUES ('24', '5', '6');
INSERT INTO `fd_ask_buy` VALUES ('25', '6', '7');
INSERT INTO `fd_ask_buy` VALUES ('26', '6', '10');
INSERT INTO `fd_ask_buy` VALUES ('27', '6', '12');
INSERT INTO `fd_ask_buy` VALUES ('28', '7', '14');
INSERT INTO `fd_ask_buy` VALUES ('29', '8', '5');
INSERT INTO `fd_ask_buy` VALUES ('30', '9', '3');
INSERT INTO `fd_ask_buy` VALUES ('31', '9', '7');
INSERT INTO `fd_ask_buy` VALUES ('32', '10', '8');
INSERT INTO `fd_ask_buy` VALUES ('33', '11', '10');
INSERT INTO `fd_ask_buy` VALUES ('34', '12', '13');
INSERT INTO `fd_ask_buy` VALUES ('35', '13', '15');
INSERT INTO `fd_ask_buy` VALUES ('36', '14', '19');
INSERT INTO `fd_ask_buy` VALUES ('37', '15', '22');
INSERT INTO `fd_ask_buy` VALUES ('38', '16', '24');

-- ----------------------------
-- Table structure for fd_comment
-- ----------------------------
DROP TABLE IF EXISTS `fd_comment`;
CREATE TABLE `fd_comment` (
  `id` int(11) NOT NULL AUTO_INCREMENT,
  `user_id` int(11) NOT NULL DEFAULT '0',
  `content` text,
  `sort` tinyint(3) NOT NULL DEFAULT '1',
  `create_time` int(11) NOT NULL DEFAULT '0',
  `status` tinyint(3) NOT NULL DEFAULT '1',
  `like_num` int(11) NOT NULL DEFAULT '0',
  `smalltalk_id` int(11) NOT NULL DEFAULT '0',
  PRIMARY KEY (`id`)
) ENGINE=MyISAM AUTO_INCREMENT=106 DEFAULT CHARSET=utf8;

-- ----------------------------
-- Records of fd_comment
-- ----------------------------
INSERT INTO `fd_comment` VALUES ('1', '1', '欢迎大家关注我的微信公众号【章鱼读书】，我会为大家分享我的读书方法、读书笔记和精选书单。', '1', '0', '1', '0', '1');
INSERT INTO `fd_comment` VALUES ('2', '1', '大家好，我是陈章鱼。大家在听过这一期小讲之后，如果有任何问题，欢迎在这里提问。\r\n读书是一个大话题，养成好的读书方法也是一个系统工程，大家还有哪些关心的读书话题，也欢迎留下宝贵意见，我们可以在接下来，推出新的小讲。', '1', '0', '1', '0', '1');
INSERT INTO `fd_comment` VALUES ('3', '30', '这是最近听到最戳人心的课程，句句戳中我的痛点，感谢陈老师的分享，感谢土豆美女的推荐。\r\n小讲主要讲了三种常见的问题，每一个我都有。第一种，仙丹阅读，总是希冀阅读一本书或事几本书就能解决自己的终极问题。比如我当时想要提升自己的逻辑能力，就去买了本逻辑思维入门，希望看完这本书逻辑能力就能提高，结果发现并不是。后来这本书的读了一半就搁置了。\r\n第二种，集邮式阅读，以读过多少本书作为阅读的目的。还记得我上个月在制定计划时，还是以读完多少本书作为我的目标之一。以至于好几本书我都快速翻完了，然而却是收获甚微。\r\n第三种，干货依赖症，喜欢读被人解读过的书，已经列出重点和逻辑的框架。这样的书其实是二手书，读起来很快，而且貌似很有成就感。但其实，被动接受别人嚼过的东西，收效甚小。\r\n所以，针对以上三种问题，我认为自己今后要摆脱浮躁的心态，一，分析自身需求，问题，列出书单，二，以制定输出计划方式制定读书目标，三，可通过书籍干货解读预习书籍，有重点的读书。', '0', '0', '1', '0', '1');
INSERT INTO `fd_comment` VALUES ('4', '1', '欢迎大家关注我的微信公众号【章鱼读书】，我会为大家分享我的读书方法、读书笔记和精选书单。', '1', '0', '1', '0', '2');
INSERT INTO `fd_comment` VALUES ('5', '1', '大家好，我是陈章鱼。大家在听过这一期小讲之后，如果有任何问题，欢迎在这里提问。\r\n读书是一个大话题，养成好的读书方法也是一个系统工程，大家还有哪些关心的读书话题，也欢迎留下宝贵意见，我们可以在接下来，推出新的小讲。', '1', '0', '1', '0', '2');
INSERT INTO `fd_comment` VALUES ('6', '30', '这是最近听到最戳人心的课程，句句戳中我的痛点，感谢陈老师的分享，感谢土豆美女的推荐。\r\n小讲主要讲了三种常见的问题，每一个我都有。第一种，仙丹阅读，总是希冀阅读一本书或事几本书就能解决自己的终极问题。比如我当时想要提升自己的逻辑能力，就去买了本逻辑思维入门，希望看完这本书逻辑能力就能提高，结果发现并不是。后来这本书的读了一半就搁置了。\r\n第二种，集邮式阅读，以读过多少本书作为阅读的目的。还记得我上个月在制定计划时，还是以读完多少本书作为我的目标之一。以至于好几本书我都快速翻完了，然而却是收获甚微。\r\n第三种，干货依赖症，喜欢读被人解读过的书，已经列出重点和逻辑的框架。这样的书其实是二手书，读起来很快，而且貌似很有成就感。但其实，被动接受别人嚼过的东西，收效甚小。\r\n所以，针对以上三种问题，我认为自己今后要摆脱浮躁的心态，一，分析自身需求，问题，列出书单，二，以制定输出计划方式制定读书目标，三，可通过书籍干货解读预习书籍，有重点的读书。', '0', '0', '1', '0', '2');
INSERT INTO `fd_comment` VALUES ('7', '29', '有很多收获，也发现自己的很多问题，根据曲老师的课程，在生活中去实践。', '1', '0', '1', '0', '3');
INSERT INTO `fd_comment` VALUES ('8', '28', '大家都说说自己记住了那些关键词，真诚，相似度，赞美……', '1', '0', '1', '0', '3');
INSERT INTO `fd_comment` VALUES ('9', '27', '一直关注曲老师的微信公众号，倾慕您的文笔，讲起聊天术也娓娓道来。做个会聊天的人，才能在人际交往中先声夺人！', '1', '0', '1', '0', '3');
INSERT INTO `fd_comment` VALUES ('10', '4', '各位亲爱的朋友，你在记忆人名和面孔方面，过去曾经遇到过怎样的尴尬？欢迎分享你的故事！另外请你分享一下，如何用我讲的方法记忆你的名字，比较不错的分享我会选入我的书籍作为案例', '1', '0', '1', '0', '4');
INSERT INTO `fd_comment` VALUES ('11', '26', '袁老师，我每天都要参加很多事，如开会，写稿，和客户交谈等等，由于事情多，有时候会忘记，这个日程安排如何记忆？', '1', '0', '1', '0', '4');
INSERT INTO `fd_comment` VALUES ('12', '25', '内容非常精彩，不亏是世界记忆大师，太棒啦！期待袁老师能推出更多有关提升记忆的小讲。', '1', '0', '1', '0', '4');
INSERT INTO `fd_comment` VALUES ('13', '24', '之前也看过读书的文章怎么读啊，但是往往都是看到开头不久立刻关闭也从来没读完过一本书，看到你的小讲购买后我觉得对我非常有用，读书时紧追节拍器不知不觉读完了试读，我现在有点喜欢读书了我很享受这种追着节拍器快速看的感觉我也想把我的阅读速度训练的越来越快，先练一段时间节拍器再练后面的吧！比如我刚刚试了下我发给你的这段话不管读不读出声我现在都能在一分钟读完。我现在有信心读完一本书了。', '1', '0', '1', '0', '5');
INSERT INTO `fd_comment` VALUES ('14', '23', '之前在三节课的大会上听过您的分享，印象深刻。\r\n有一个问题一直很困扰我，我看一本书的时候经常会感受颇多又勾又画！但最后真正记下来且实际应用的确没多少。\r\n我想请教一下：\r\n1.您平时读完书后是怎么去回顾复习的，大概频率是什么样？\r\n2.您是如何将书中领悟的知识应用到实际中的？\r\n能否简单举两个例子。谢谢！', '1', '0', '1', '0', '5');
INSERT INTO `fd_comment` VALUES ('15', '22', '小讲这个idea非常厉害。\r\n\r\n在行因为主要靠线下交流，产生的价值不具备可复制和可传播性，即使是120块钱一次的组团听一次课，参与人数也不多，线下机会更多的约等于是购买一次给主讲人留下印象和产生互动的机会。\r\n\r\n而小讲这个话题开通到现在，2470人购买，已经相当于100人次参加线下课的收益，而主讲人投入的时间明显小于100人次线下课。\r\n\r\n当然了，在行很适合针对个人的具体情况进行框架分析和具体细节讨论，更个性化，在部分话题上也更高端化一些，作为早期使用者之一，也从多次线下活动获益良多。\r\n\r\n感谢！', '1', '0', '1', '0', '5');
INSERT INTO `fd_comment` VALUES ('16', '21', '受益匪浅，不愧是罗辑思维顶尖讲师，特别是破备研判，没有阅读量的积累和独到思考，不会有如此精辟的总结。已经在此收听您了，而且关注了公众号，3月中旬的一块听听也已经付费。另外，现在当当买好好学习，还有您的亲笔签名嘛？', '1', '0', '1', '0', '6');
INSERT INTO `fd_comment` VALUES ('17', '20', '成甲叔叔！！我从公号上杀过来支持你了！\r\n听后计划用“封目序尾，破备研判”再读一遍《好好学习》;\r\n用彩虹笔记法改进现有的红蓝笔划线方法;\r\n不解之处的留白法之前自己一直懵懵懂懂地在用，但是并没有总结出这样的一套具体操作方法，还需要有意识的去练习这个方法。\r\n我相信改变现有低效阅读方法，通过刻意练习，最终可以达到阅读效率提高的目的。\r\n再次感谢成甲叔叔的有价值分享，这次分答的分享又是一次“错误定价”，有幸听到很开心。', '1', '0', '1', '0', '6');
INSERT INTO `fd_comment` VALUES ('18', '19', '刚好乘车回学校，在车上听完了小讲。感谢成甲老师！提供了这么好的方法论。《好好学习》也在我书包里躺着呢，在家看了一半，回校接着研读。期待高阶版！', '1', '0', '1', '0', '6');
INSERT INTO `fd_comment` VALUES ('19', '18', '假如刚刚完成了一个比较烧脑的活儿，刚想休息一下结果又来一个活儿，心里十分抗拒。这时候如何应对比较合理？', '1', '0', '1', '0', '7');
INSERT INTO `fd_comment` VALUES ('20', '17', '老师，我边上班，边考证，但是觉得上班没时间看书，晚上回来又累，又不能快速进入学习状态。早上想早起，关了闹钟又睡了。人也很焦虑，请问，老师该怎么改正呢？', '1', '0', '1', '0', '7');
INSERT INTO `fd_comment` VALUES ('21', '16', '老师你好，看了你的书《刻意学习》然后来分答听讲。自己一直觉得，多读书，才可能改变目前自己的生活物质和精神困境。可是有时候又觉得自己做事畏首畏尾，犹豫纠结，想明白却做起来缺乏勇气。读书常半途而废。我认为，这个时代，还是得靠多学习和多训练自己的个性来达到自己的人生目标或者过上期待的生活。不知道老师对做事情总是前怕狼后怕虎，畏缩不前，有什么好的建议，能够一点点的改变自己，勇敢而且理性的去做事与处世。', '1', '0', '1', '0', '7');
INSERT INTO `fd_comment` VALUES ('22', '15', '3.再次自测你的呼吸：\r\n练完腹式呼吸，在微信语音里男性发“啊”的声音，女性发“咿”的声音（持续时间5秒以上），体会声音的明显变化。\r\n\r\n4.想要练好气息，深吸慢呼是最佳选择\r\n4.1深吸慢呼的3大原则：\r\n1、吸气一大片，吸气短、呼气长；\r\n2、吸的气保持在丹田位置：人肚脐下三寸的地方，一寸大约3公分，大约一个巴掌的距离；\r\n3、呼气一条线，呼的气不能一下子喷出去。再次强调：吸气短、呼气长。\r\n\r\n4.2深吸慢呼怎么练？\r\n1、吸气（闻花香、半打哈欠）；\r\n2、呼气（吹灰尘、吹蜡烛）；\r\n3、控制气息（数枣子，念：“出东门过大桥，大桥底下一树枣，拿着竹竿去打枣，青的多红的少 （吸足气）一个枣两个枣三个枣四个枣五个……这口气气尽为止，看你能数多少个枣，反复4—6次，中间不要偷气和补气。坚持21天）。\r\n\r\n5.课后作业：\r\n数枣子\r\n念：“出东门过大桥，大桥底下一树枣，拿着竹竿去打枣，青的多红的少 （吸足气）一个枣两个枣三个枣四个枣五个……这口气气尽为止，看你能数多少个枣，每天练习8—10次，每次4—6个循环，中间不要偷气和补气。坚持21天。\r\n强调：先追求准确度，再追求速度。', '1', '0', '1', '0', '8');
INSERT INTO `fd_comment` VALUES ('23', '15', '1. 怎么训练自己的呼吸？\r\n1.1  4种呼吸方式：\r\n1、口鼻浅呼吸（呼吸时身体几乎不动）；\r\n2、胸式呼吸（吸气时胸部鼓起，腹部凹陷，横膈膜肌肉群向上运动、向外扩张）；\r\n3、腹式呼吸（吸气时腹部鼓起，胸部凹陷，横膈膜肌肉群向下运动、向外扩张）；\r\n4、胸腹联合呼吸（吸气时腹部、胸部鼓起，整个横膈膜肌肉群完全打开、绷紧，控制力非常强）。\r\n\r\n1.2  4种呼吸方式分别对应哪些情绪？\r\n1、口鼻浅呼吸对应的是声音无意识状态，会导致讲话声音没有节奏和变化，容易出现嗓子干、累、疼，甚至导致咽炎。\r\n2、胸式呼吸对应的情绪是愤怒、急促，经常运用在吵架时和唱KTV飚高音时。\r\n3、用胸腹联合呼吸控制自己的声音，声音就会非常地有节奏、有变化，丰富性很强，比如唱歌剧的男高音。\r\n4、腹式呼吸对应的情绪是温柔、有感情。\r\n强调：想要说话更有感情，一定要用腹式呼吸。\r\n\r\n2.如何训练腹式呼吸？\r\n2.1数据标准：\r\n平时一个人每分钟在说话的时候会呼吸16到19次，意味着每3—4秒呼吸一次，在用胸式呼吸时，呼吸会延长到8—10秒／次，用腹式呼吸时，呼吸会延长到10—16秒／次，呼气的时间比吸气长。\r\n\r\n2.2练习诀窍：\r\n在学习腹式呼吸时，可采取坐姿和仰卧姿势，需要注意的是，盘坐时要在臀部下方垫毛毯，保持脊椎自然的生理曲度。具体练习方法如下：\r\n\r\n1、坐姿：简易坐姿，保持腰背的延伸，胸骨向上，双肩下沉放松，面部稍向后，两髋和两膝放松下沉。将收手重叠放在肚脐的位置，以自然呼气开始，用鼻子吸气，感受腹部慢慢向前隆起，就仿佛是充了气的气球；呼气，腹部向里收缩，腹部变薄并向腰部的方向靠近。按照这样的状态反复练习，刚开始练习时间在5分钟左右，后续可按自己的状态延长。\r\n\r\n2、仰卧：可在双膝下方垫上抱枕（枕头），双手重叠放在腹部上，以自然呼气开始，吸气，感受腹部慢慢向上隆起，把双手向上“推起来”；呼气，腹部向里收缩，腹部变薄并向腰部和地面的方向靠近，双手仿佛要通过腹部“落向”地面。按照这样的状态反复练习，刚开始练习时间在5分钟左右，后续可按自己的状态延长。\r\nTips：整个过程始终用鼻子进行呼吸，坐姿里要保持脊柱的延伸。过程中不要屏息，呼吸要绵长和均匀，一旦发现呼吸不舒服要停止练习。', '1', '0', '1', '0', '8');
INSERT INTO `fd_comment` VALUES ('24', '15', '第二讲讲义：\r\n测测你的嗓子还好吗？\r\n*自测：你的嗓子还好吗？\r\n在微信语音里，男性发“啊”的声音，女性发“咿”的声音（持续时间5秒以上）。听自己的声音是否平稳，有没有破掉、不连贯、气息不够用，或者嗓子不舒服。如果符合其中一项甚至全部，那么在职场的关键时刻，比如面试、竞争、重大场合发言时，你的声音就容易发抖、不连贯、飘忽，让人觉得你是菜鸟。\r\n声音和人一样会生病，会出现很多病症。治病要治本，声音的“本”指的就是气息。\r\n\r\n0.2气息是声音的根本\r\n发声原理：\r\n1、肺部呼出气流；\r\n2、声带颤动发声；\r\n3、经过共鸣腔；\r\n4、咬字发声。\r\n结论：声和音不是一回事。\r\n\r\n0.3气息和声音有什么关系？\r\n气息就像银行里的存款，气息越足，声音越好。\r\n声音和呼吸有3种关联状态：1、吸气；2、呼气发声；3、换气／补气。\r\n想要声音自信、不紧张、有力量感和支撑感，要做到深吸气、呼气的时间大于吸气的时间。只有呼气稳定，声音才会稳定。\r\n\r\n0.4控制呼吸的3个要领：\r\n1、吸气要领：吸气一大片。吸气要深，两肋打开，腹壁“站定”；\r\n2、呼气发声要领：呼气一条线。要稳劲，持久，变化；\r\n3、换气／补气要领：两句话之间，可以从容换气。句首换气，吸气无声，换了就用，留有余地，句尾余气播送。在句子中间可以进行少量补充（偷气）。\r\n\r\n0.5气息问题怎么解决？\r\n答案：训练呼吸。', '1', '0', '1', '0', '8');
INSERT INTO `fd_comment` VALUES ('25', '9', '回答问题的阵地已经转移到饭团，欢迎微信搜寻“饭团服务号”，加入我的饭团“internet insider”提问。', '1', '0', '1', '0', '9');
INSERT INTO `fd_comment` VALUES ('26', '14', '老师您好，公司两位高层（非直属领导）要走，想带走几个中层，其中包括我。平时和直属领导关系还不错，怎样的辞职理由能顾及其感受？', '1', '0', '1', '0', '9');
INSERT INTO `fd_comment` VALUES ('27', '13', '老师您好，公司两位高层（非直属领导）要走，想带走几个中层，其中包括我。平时和直属领导关系还不错，怎样的辞职理由能顾及其感受？', '1', '0', '1', '0', '9');
INSERT INTO `fd_comment` VALUES ('28', '12', '我喜欢番茄工作法，小讲讲得真好！多学习！', '1', '0', '1', '0', '10');
INSERT INTO `fd_comment` VALUES ('29', '11', '让我陪娃的时间也专注了很多，谢谢', '0', '0', '1', '0', '10');
INSERT INTO `fd_comment` VALUES ('30', '10', '没想到今天这么高效的就完成了备考资料的复', '0', '0', '1', '0', '10');
INSERT INTO `fd_comment` VALUES ('31', '9', '老师您好，请问如何能确定两个资产是成负相关的呢？除了您说的股票和债券品类上的不相关性，在行业类别上是否也要注意区分呢？', '1', '0', '1', '0', '11');
INSERT INTO `fd_comment` VALUES ('32', '8', '我是听了第三个小讲过来的，层层递进，没有废话。资产配置就如同整合资源，既可以大概率地降低风险，又能提高整体效率。赞，收获颇丰。', '1', '0', '1', '0', '11');
INSERT INTO `fd_comment` VALUES ('33', '7', '老师的案例写得很棒，很实际，操作性也很高。谢谢老师。', '1', '0', '1', '0', '11');
INSERT INTO `fd_comment` VALUES ('34', '6', '感谢简七老师的讲解，以前总觉得理财离自己很远，听了您的分享才认识到理财的重要性。但是目前对自己的收入进行划分之后，发现只能满足现金池和保险池的需求，目标池和金鹅池所剩无几，是不是就无法进行理财了呢？总是抑制不住购物的欲望，每个月都攒不下钱，我该怎么办？', '1', '0', '1', '0', '12');
INSERT INTO `fd_comment` VALUES ('35', '7', '老师讲的太好了，非常实用的理财攻略，绝对物超所值！', '1', '0', '1', '0', '12');
INSERT INTO `fd_comment` VALUES ('36', '8', '很实用的课程！第一次接触理财，期待老师带我入门！', '1', '0', '1', '0', '12');
INSERT INTO `fd_comment` VALUES ('37', '5', '老师，我跟您案例中的那个人差不多。想存一笔旅行基金，也就是弹性目标。您说的债权类的基金我是很想尝试一下的。但是去年震荡的挺狠的。我心里还是有些没有底，关于债权基金，老师可以再补充一下吗？或是推荐一下可以学习的渠道。', '1', '0', '1', '0', '13');
INSERT INTO `fd_comment` VALUES ('38', '4', '一直想学理财，但是市面上讲理财的太多了。简七老师的小讲又清晰又到位，基本上，一节课下俩我已经大致了解了常见的投资产品。而且，那7个判断产品是否值得投资的维度也很实用。', '1', '0', '1', '0', '13');
INSERT INTO `fd_comment` VALUES ('39', '3', '谢谢老师，我之前都没有拿流动资金投资的意识。现在总算入门了。', '1', '0', '1', '0', '13');
INSERT INTO `fd_comment` VALUES ('40', '5', '老师，我跟您案例中的那个人差不多。想存一笔旅行基金，也就是弹性目标。您说的债权类的基金我是很想尝试一下的。但是去年震荡的挺狠的。我心里还是有些没有底，关于债权基金，老师可以再补充一下吗？或是推荐一下可以学习的渠道。', '1', '0', '1', '0', '14');
INSERT INTO `fd_comment` VALUES ('41', '4', '一直想学理财，但是市面上讲理财的太多了。简七老师的小讲又清晰又到位，基本上，一节课下俩我已经大致了解了常见的投资产品。而且，那7个判断产品是否值得投资的维度也很实用。', '1', '0', '1', '0', '14');
INSERT INTO `fd_comment` VALUES ('42', '3', '谢谢老师，我之前都没有拿流动资金投资的意识。现在总算入门了。', '1', '0', '1', '0', '14');
INSERT INTO `fd_comment` VALUES ('43', '2', '正好最近想为家人购置一份重疾险，内容很实用，有借鉴意义。发现身边人的保险意识普遍不高，听了本次小讲感觉很适合初学者，特意转到朋友圈，听了的朋友都说好。正确了解保险知识，才能不被推销员忽悠，才能买对保险，防患于未然。', '1', '0', '1', '0', '15');
INSERT INTO `fd_comment` VALUES ('44', '1', '之前对保险的概念还停留在公司上的五险一金，现在知道除此之外还需要自己去配置更全面的保险计划。打算购买第一份寿险，看了几家公司，名目众多，请问应该看重哪几个条件，如何选择呢？身边朋友有去香港买保险的，那边的保险产品是不是比国内成熟呢？', '1', '0', '1', '0', '15');
INSERT INTO `fd_comment` VALUES ('45', '30', '内容详实，简单易懂，想立即实践起来~', '1', '0', '1', '0', '15');
INSERT INTO `fd_comment` VALUES ('46', '16', '哎呀，各位好，欢迎来我的小讲圈提问，白天夜晚，一切能利用上的时间，我都会为大家解答关于这次基金小讲的问题哦！当然，要是有朋友觉得不过瘾，想聊人生聊职场，也可以在分答约我单聊，美滋滋！', '1', '0', '1', '0', '16');
INSERT INTO `fd_comment` VALUES ('47', '29', '三公子，15年股市大热的时候没有任何基金知识的我不懂筛选，盲从朋友一次性买入天弘基金的沪深300，中证500及其他两只股鸡，两个月后股市暴跌。简言之，就是高点一次性把子弹打光了，目前亏损20%上下；去年关注你看书➕公众号学习了一段时间后开始定投的是另外两只基金，可之前的问题一直不知道怎么解决。请公子指点一二，多谢～', '1', '0', '1', '0', '16');
INSERT INTO `fd_comment` VALUES ('48', '28', '三公子你好，我定投了501029,每个月5000元，每周一次，3100点以下我就再追加1000元。现在亏损1%.目前这部分钱没有长远目标，就觉得应该比存银行买理财强。如果收益超过20%，我应该把这部分收益收割了吗？如果是你长远来讲会怎么处理？', '1', '0', '1', '0', '16');
INSERT INTO `fd_comment` VALUES ('49', '27', 'Isa 你好，我有一个疑问。就是我目前体重是120斤，按我一般的饮食规律，这个体重基本没有什么大的波动，这说明我日常摄入是和我日常消耗基本持平的对吧？但是我节食一个月，体重就会降个差不多五斤，那么当我恢复原有饮食后，为什么体重就会迅速反弹回来呢？', '1', '0', '1', '0', '17');
INSERT INTO `fd_comment` VALUES ('50', '26', '最近看了《谷物大脑》这本书 颠覆了我对饮食的很多很多已有认知 作者建议我们应该向原始祖先饮食学习 他们不吃主食 其实人类不需要碳水化合物 尤其是含有麸质的小麦等 不仅伤害大脑 还会使人血糖迅速升高 摄入过多容易导致肥胖 现在看见粗粮面包就会止步 但是这是管中窥豹吗 对于这种观点专业的Isa看法是啥呢？', '1', '0', '1', '0', '17');
INSERT INTO `fd_comment` VALUES ('51', '25', '每天都想吃甜品，完全抑制不住呀，咋办', '1', '0', '1', '0', '17');
INSERT INTO `fd_comment` VALUES ('52', '27', 'Isa 你好，我有一个疑问。就是我目前体重是120斤，按我一般的饮食规律，这个体重基本没有什么大的波动，这说明我日常摄入是和我日常消耗基本持平的对吧？但是我节食一个月，体重就会降个差不多五斤，那么当我恢复原有饮食后，为什么体重就会迅速反弹回来呢？', '1', '0', '1', '0', '18');
INSERT INTO `fd_comment` VALUES ('53', '26', '最近看了《谷物大脑》这本书 颠覆了我对饮食的很多很多已有认知 作者建议我们应该向原始祖先饮食学习 他们不吃主食 其实人类不需要碳水化合物 尤其是含有麸质的小麦等 不仅伤害大脑 还会使人血糖迅速升高 摄入过多容易导致肥胖 现在看见粗粮面包就会止步 但是这是管中窥豹吗 对于这种观点专业的Isa看法是啥呢？', '1', '0', '1', '0', '18');
INSERT INTO `fd_comment` VALUES ('54', '25', '每天都想吃甜品，完全抑制不住呀，咋办', '1', '0', '1', '0', '18');
INSERT INTO `fd_comment` VALUES ('55', '24', '之前面对别人的请求，自己总是很难拒绝，常常答应了很多让自己为难的事，现在想来老好人不仅没有改善自己的人际关系，反而模糊了个人边界……', '1', '0', '1', '0', '19');
INSERT INTO `fd_comment` VALUES ('56', '23', '中国是熟人社会，过度强调关系的同时侵占了个体自由，这也给我们设立个人边界带来了很多困难，许多时候就是不敢拒绝，担心对方记仇，以后给自己穿小鞋，请问老师我该怎么应对这种担忧呢', '1', '0', '1', '0', '19');
INSERT INTO `fd_comment` VALUES ('57', '22', '想很多爱面子顾及别人感受的人总是吃亏，这是对的吗？', '0', '0', '1', '0', '19');
INSERT INTO `fd_comment` VALUES ('58', '21', '请问你什么时候会感觉到愤怒？你如何觉察到的？为什么有的人特别容易发怒？', '1', '0', '1', '0', '20');
INSERT INTO `fd_comment` VALUES ('59', '20', '常常对自己感到不满，现在想想很多都是不合理的预期。生活中没有十全十美的人，要适当地允许自己犯错，心情好了，工作生活才会更轻松。', '1', '0', '1', '0', '20');
INSERT INTO `fd_comment` VALUES ('60', '19', '关注“简单心理”很久了，终于有幸听到简老师的亲自讲授，开心~以后要时刻关注自己的自尊水平，做好自测，及时改善，心理问题不可小视。', '1', '0', '1', '0', '20');
INSERT INTO `fd_comment` VALUES ('61', '18', '学会倾听真的很重要。有时总是打断别人说话，然后把自己的想法去分享给他人。努力学习，争取做一个好的倾听人', '1', '0', '1', '0', '21');
INSERT INTO `fd_comment` VALUES ('62', '17', '女朋友最近总发脾气，听了小讲后，立即用了这个方法，昨天没吵架，非常感谢。希望再分享一些专门能用于情侣沟通的方法，她老师觉得没有安全感，不知道怎么回应才好，您能讲讲吗？', '0', '0', '1', '0', '21');
INSERT INTO `fd_comment` VALUES ('63', '16', '听完很有收获，我原来就是相信和朋友聊天就能帮他们解开心结的人，很长时间都觉得道理反复讲给你，你怎么就是不明白呢？对方其实也不是不懂，面对这种情况就是很无力，以后面对朋友的倾诉，不能急于安慰，而是要学会共情，真正站在他的角度，倾听。', '1', '0', '1', '0', '21');
INSERT INTO `fd_comment` VALUES ('64', '15', '听老师一讲，如醍醐灌顶。最近交了一个女友，我们第一次约会彼此感觉很好，但是后来我太早表白了，而且太殷勤，她现在不理我了，怎么挽回呢？确实很喜欢她', '1', '0', '1', '0', '22');
INSERT INTO `fd_comment` VALUES ('65', '14', '成老师，我已经阅读过您的两本教程了，您说的那些不能讨好女生，不能表白，道歉等等一系列行为我都知道不能做，但是面对一些情况时，我完全自己不能控制自己情绪，知道自己不该做，但却偏偏去做了。这种对自己情绪控制该如何培养？', '1', '0', '1', '0', '22');
INSERT INTO `fd_comment` VALUES ('66', '13', '之前追过一个女生未果，现在又看上了她的室友，请问老师这有可能成功么……', '1', '0', '1', '0', '22');
INSERT INTO `fd_comment` VALUES ('67', '18', '听老师一讲，如醍醐灌顶。最近交了一个女友，我们第一次约会彼此感觉很好，但是后来我太早表白了，而且太殷勤，她现在不理我了，怎么挽回呢？确实很喜欢她', '1', '0', '1', '0', '23');
INSERT INTO `fd_comment` VALUES ('68', '17', '成老师，我已经阅读过您的两本教程了，您说的那些不能讨好女生，不能表白，道歉等等一系列行为我都知道不能做，但是面对一些情况时，我完全自己不能控制自己情绪，知道自己不该做，但却偏偏去做了。这种对自己情绪控制该如何培养？', '1', '0', '1', '0', '23');
INSERT INTO `fd_comment` VALUES ('69', '16', '之前追过一个女生未果，现在又看上了她的室友，请问老师这有可能成功么……', '1', '0', '1', '0', '23');
INSERT INTO `fd_comment` VALUES ('70', '18', '正好最近想为家人购置一份重疾险，内容很实用，有借鉴意义。发现身边人的保险意识普遍不高，听了本次小讲感觉很适合初学者，特意转到朋友圈，听了的朋友都说好。正确了解保险知识，才能不被推销员忽悠，才能买对保险，防患于未然。', '1', '0', '1', '0', '24');
INSERT INTO `fd_comment` VALUES ('71', '17', '之前对保险的概念还停留在公司上的五险一金，现在知道除此之外还需要自己去配置更全面的保险计划。打算购买第一份寿险，看了几家公司，名目众多，请问应该看重哪几个条件，如何选择呢？身边朋友有去香港买保险的，那边的保险产品是不是比国内成熟呢？', '1', '0', '1', '0', '24');
INSERT INTO `fd_comment` VALUES ('72', '16', '内容详实，简单易懂，想立即实践起来~', '1', '0', '1', '0', '24');
INSERT INTO `fd_comment` VALUES ('73', '16', '学会倾听真的很重要。有时总是打断别人说话，然后把自己的想法去分享给他人。努力学习，争取做一个好的倾听人', '1', '0', '1', '0', '25');
INSERT INTO `fd_comment` VALUES ('74', '15', '女朋友最近总发脾气，听了小讲后，立即用了这个方法，昨天没吵架，非常感谢。希望再分享一些专门能用于情侣沟通的方法，她老师觉得没有安全感，不知道怎么回应才好，您能讲讲吗？', '1', '0', '1', '0', '25');
INSERT INTO `fd_comment` VALUES ('75', '14', '听完很有收获，我原来就是相信和朋友聊天就能帮他们解开心结的人，很长时间都觉得道理反复讲给你，你怎么就是不明白呢？对方其实也不是不懂，面对这种情况就是很无力，以后面对朋友的倾诉，不能急于安慰，而是要学会共情，真正站在他的角度，倾听。', '1', '0', '1', '0', '25');
INSERT INTO `fd_comment` VALUES ('76', '27', '正好最近想为家人购置一份重疾险，内容很实用，有借鉴意义。发现身边人的保险意识普遍不高，听了本次小讲感觉很适合初学者，特意转到朋友圈，听了的朋友都说好。正确了解保险知识，才能不被推销员忽悠，才能买对保险，防患于未然。', '1', '0', '1', '0', '26');
INSERT INTO `fd_comment` VALUES ('77', '26', '之前对保险的概念还停留在公司上的五险一金，现在知道除此之外还需要自己去配置更全面的保险计划。打算购买第一份寿险，看了几家公司，名目众多，请问应该看重哪几个条件，如何选择呢？身边朋友有去香港买保险的，那边的保险产品是不是比国内成熟呢？', '1', '0', '1', '0', '26');
INSERT INTO `fd_comment` VALUES ('78', '25', '内容详实，简单易懂，想立即实践起来~', '1', '0', '1', '0', '26');
INSERT INTO `fd_comment` VALUES ('79', '5', '学会倾听真的很重要。有时总是打断别人说话，然后把自己的想法去分享给他人。努力学习，争取做一个好的倾听人', '1', '0', '1', '0', '27');
INSERT INTO `fd_comment` VALUES ('80', '4', '女朋友最近总发脾气，听了小讲后，立即用了这个方法，昨天没吵架，非常感谢。希望再分享一些专门能用于情侣沟通的方法，她老师觉得没有安全感，不知道怎么回应才好，您能讲讲吗？', '1', '0', '1', '0', '27');
INSERT INTO `fd_comment` VALUES ('81', '3', '听完很有收获，我原来就是相信和朋友聊天就能帮他们解开心结的人，很长时间都觉得道理反复讲给你，你怎么就是不明白呢？对方其实也不是不懂，面对这种情况就是很无力，以后面对朋友的倾诉，不能急于安慰，而是要学会共情，真正站在他的角度，倾听。', '1', '0', '1', '0', '27');
INSERT INTO `fd_comment` VALUES ('82', '6', '正好最近想为家人购置一份重疾险，内容很实用，有借鉴意义。发现身边人的保险意识普遍不高，听了本次小讲感觉很适合初学者，特意转到朋友圈，听了的朋友都说好。正确了解保险知识，才能不被推销员忽悠，才能买对保险，防患于未然。', '1', '0', '1', '0', '28');
INSERT INTO `fd_comment` VALUES ('83', '8', '之前对保险的概念还停留在公司上的五险一金，现在知道除此之外还需要自己去配置更全面的保险计划。打算购买第一份寿险，看了几家公司，名目众多，请问应该看重哪几个条件，如何选择呢？身边朋友有去香港买保险的，那边的保险产品是不是比国内成熟呢？', '1', '0', '1', '0', '28');
INSERT INTO `fd_comment` VALUES ('84', '9', '内容详实，简单易懂，想立即实践起来~', '1', '0', '1', '0', '28');
INSERT INTO `fd_comment` VALUES ('85', '5', '学会倾听真的很重要。有时总是打断别人说话，然后把自己的想法去分享给他人。努力学习，争取做一个好的倾听人', '1', '0', '1', '0', '29');
INSERT INTO `fd_comment` VALUES ('86', '6', '女朋友最近总发脾气，听了小讲后，立即用了这个方法，昨天没吵架，非常感谢。希望再分享一些专门能用于情侣沟通的方法，她老师觉得没有安全感，不知道怎么回应才好，您能讲讲吗？', '1', '0', '1', '0', '29');
INSERT INTO `fd_comment` VALUES ('87', '3', '听完很有收获，我原来就是相信和朋友聊天就能帮他们解开心结的人，很长时间都觉得道理反复讲给你，你怎么就是不明白呢？对方其实也不是不懂，面对这种情况就是很无力，以后面对朋友的倾诉，不能急于安慰，而是要学会共情，真正站在他的角度，倾听。', '1', '0', '1', '0', '29');
INSERT INTO `fd_comment` VALUES ('88', '8', '正好最近想为家人购置一份重疾险，内容很实用，有借鉴意义。发现身边人的保险意识普遍不高，听了本次小讲感觉很适合初学者，特意转到朋友圈，听了的朋友都说好。正确了解保险知识，才能不被推销员忽悠，才能买对保险，防患于未然。', '1', '0', '1', '0', '30');
INSERT INTO `fd_comment` VALUES ('89', '22', '之前对保险的概念还停留在公司上的五险一金，现在知道除此之外还需要自己去配置更全面的保险计划。打算购买第一份寿险，看了几家公司，名目众多，请问应该看重哪几个条件，如何选择呢？身边朋友有去香港买保险的，那边的保险产品是不是比国内成熟呢？', '1', '0', '1', '0', '30');
INSERT INTO `fd_comment` VALUES ('90', '30', '内容详实，简单易懂，想立即实践起来~', '1', '0', '1', '0', '30');
INSERT INTO `fd_comment` VALUES ('91', '15', '学会倾听真的很重要。有时总是打断别人说话，然后把自己的想法去分享给他人。努力学习，争取做一个好的倾听人', '1', '0', '1', '0', '31');
INSERT INTO `fd_comment` VALUES ('92', '16', '女朋友最近总发脾气，听了小讲后，立即用了这个方法，昨天没吵架，非常感谢。希望再分享一些专门能用于情侣沟通的方法，她老师觉得没有安全感，不知道怎么回应才好，您能讲讲吗？', '1', '0', '1', '0', '31');
INSERT INTO `fd_comment` VALUES ('93', '17', '听完很有收获，我原来就是相信和朋友聊天就能帮他们解开心结的人，很长时间都觉得道理反复讲给你，你怎么就是不明白呢？对方其实也不是不懂，面对这种情况就是很无力，以后面对朋友的倾诉，不能急于安慰，而是要学会共情，真正站在他的角度，倾听。', '1', '0', '1', '0', '31');
INSERT INTO `fd_comment` VALUES ('94', '15', '正好最近想为家人购置一份重疾险，内容很实用，有借鉴意义。发现身边人的保险意识普遍不高，听了本次小讲感觉很适合初学者，特意转到朋友圈，听了的朋友都说好。正确了解保险知识，才能不被推销员忽悠，才能买对保险，防患于未然。', '1', '0', '1', '0', '32');
INSERT INTO `fd_comment` VALUES ('95', '16', '之前对保险的概念还停留在公司上的五险一金，现在知道除此之外还需要自己去配置更全面的保险计划。打算购买第一份寿险，看了几家公司，名目众多，请问应该看重哪几个条件，如何选择呢？身边朋友有去香港买保险的，那边的保险产品是不是比国内成熟呢？', '1', '0', '1', '0', '32');
INSERT INTO `fd_comment` VALUES ('96', '17', '内容详实，简单易懂，想立即实践起来~', '1', '0', '1', '0', '32');
INSERT INTO `fd_comment` VALUES ('97', '15', '学会倾听真的很重要。有时总是打断别人说话，然后把自己的想法去分享给他人。努力学习，争取做一个好的倾听人', '1', '0', '1', '0', '33');
INSERT INTO `fd_comment` VALUES ('98', '16', '女朋友最近总发脾气，听了小讲后，立即用了这个方法，昨天没吵架，非常感谢。希望再分享一些专门能用于情侣沟通的方法，她老师觉得没有安全感，不知道怎么回应才好，您能讲讲吗？', '1', '0', '1', '0', '33');
INSERT INTO `fd_comment` VALUES ('99', '17', '听完很有收获，我原来就是相信和朋友聊天就能帮他们解开心结的人，很长时间都觉得道理反复讲给你，你怎么就是不明白呢？对方其实也不是不懂，面对这种情况就是很无力，以后面对朋友的倾诉，不能急于安慰，而是要学会共情，真正站在他的角度，倾听。', '1', '0', '1', '0', '33');
INSERT INTO `fd_comment` VALUES ('100', '6', '正好最近想为家人购置一份重疾险，内容很实用，有借鉴意义。发现身边人的保险意识普遍不高，听了本次小讲感觉很适合初学者，特意转到朋友圈，听了的朋友都说好。正确了解保险知识，才能不被推销员忽悠，才能买对保险，防患于未然。', '1', '0', '1', '0', '34');
INSERT INTO `fd_comment` VALUES ('101', '5', '之前对保险的概念还停留在公司上的五险一金，现在知道除此之外还需要自己去配置更全面的保险计划。打算购买第一份寿险，看了几家公司，名目众多，请问应该看重哪几个条件，如何选择呢？身边朋友有去香港买保险的，那边的保险产品是不是比国内成熟呢？', '1', '0', '1', '0', '34');
INSERT INTO `fd_comment` VALUES ('102', '4', '内容详实，简单易懂，想立即实践起来~', '1', '0', '1', '0', '34');
INSERT INTO `fd_comment` VALUES ('103', '15', '学会倾听真的很重要。有时总是打断别人说话，然后把自己的想法去分享给他人。努力学习，争取做一个好的倾听人', '1', '0', '1', '0', '35');
INSERT INTO `fd_comment` VALUES ('104', '16', '女朋友最近总发脾气，听了小讲后，立即用了这个方法，昨天没吵架，非常感谢。希望再分享一些专门能用于情侣沟通的方法，她老师觉得没有安全感，不知道怎么回应才好，您能讲讲吗？', '1', '0', '1', '0', '35');
INSERT INTO `fd_comment` VALUES ('105', '17', '听完很有收获，我原来就是相信和朋友聊天就能帮他们解开心结的人，很长时间都觉得道理反复讲给你，你怎么就是不明白呢？对方其实也不是不懂，面对这种情况就是很无力，以后面对朋友的倾诉，不能急于安慰，而是要学会共情，真正站在他的角度，倾听。', '1', '0', '1', '0', '35');

-- ----------------------------
-- Table structure for fd_headline
-- ----------------------------
DROP TABLE IF EXISTS `fd_headline`;
CREATE TABLE `fd_headline` (
  `id` int(11) NOT NULL AUTO_INCREMENT,
  `title` varchar(255) DEFAULT NULL,
  `summary` varchar(255) DEFAULT NULL,
  `content` text,
  `create_time` varchar(255) NOT NULL DEFAULT '0',
  `vip_id` int(11) NOT NULL DEFAULT '0',
  `heading_img` varchar(255) DEFAULT NULL,
  PRIMARY KEY (`id`)
) ENGINE=MyISAM AUTO_INCREMENT=13 DEFAULT CHARSET=utf8;

-- ----------------------------
-- Records of fd_headline
-- ----------------------------
INSERT INTO `fd_headline` VALUES ('1', '老板偏爱马屁精同事，该怎么办？', '幸福的职场生涯都一样，不幸的职场各有各的不幸。', '<div class=\"topline-detail-content\"><p>俗话说“明枪易挡，暗箭难防”。职场冷暴力，说的就是那种表面风平浪静实则波涛汹涌，没有正面刀光剑影的冲突，却让你在无形的压力下活在焦虑里。</p>\n\n<p>那么，<strong>我们要怎么温柔而坚定地对职场冷暴力说不呢？</strong></p>\n\n<h2>1、被雪藏的老员工A</h2>\n\n<p>老A入职公司有些年头了，表现一直很出色，一步步从初级专员变成了项目经理。然而，活是多了，职位没变，工资也没涨。</p>\n\n<p>老A多次想一走了之，又不甘心这么多年的心血就此付之东流。这个僵局怎么破？</p>\n\n<p>老板阻碍员工的职业发展无非三种原因：</p>\n\n<p><strong>一、你在老板眼里并没有自己想象的那么优秀，或者并不了解老板眼中“优秀”的标准是什么。</strong></p>\n\n<p><strong>二、老板担心你功高盖主，成为自己的威胁。</strong></p>\n\n<p><strong>三、老板自己没本事，根本没能力为下属争取到相应的资源。</strong></p>\n\n<p>这时候作为下属，我们就需要抱着空杯心态，看看自己到底是属于哪种情况？</p>\n\n<p>心理学家曾做过一个实验，让员工评价自己的能力。其中有70%的人，都认为自己的能力是公司里的Top 20%。</p>\n\n<p>也就是说，至少有50%的人习惯性地高估了自己的能力。</p>\n\n<p>所以，当主管否定了你的升职提议，你应该多方比较求证，问问自己：老板心中的升职标准是什么？我是不是达到了老板心目中的标准？</p>\n\n<p>如果当你取证之后，发现真是遇到了恶老板或者笨老板，怎么破？</p>\n\n<p>两个选择：要么战，要么三十六计走为上。</p>\n\n<p>在埋头苦干的同时抬头看天，了解公司的大局，分析清楚并影响那些对你升职加薪有话语权的人。最后当众望所归的时候，想必谁想藏都藏不住了。</p>\n\n<h2>2、被碧池折磨的小B</h2>\n\n<p>小B进公司不久就得到领导赏识，让她带一个不错的项目。然而，不久后她就发现，隔壁组的大姐X，来公司时间长且和领导走得近，老是处处怼她。小B百思不得其解。</p>\n\n<p>询问之后，老板耐心地跟B解释了缘由：X和老板本就是高中同学，关系亲近；且性格耿直，刀子嘴豆腐心，遇到什么就憋不住想说出来。X其实对谁都这样，并非跟B针锋相对。</p>\n\n<p>最后，老板还帮小B和X约了个饭局。当大家除去偏见相处时，B发现X其实是个非常直爽可爱的人。后来在工作上她们也结成了非常好的同盟。</p>\n\n<p>所以，当你觉得你在职场上被人暗算了的时候，需要先冷静下来，旁敲侧击交流一下，TA本来就是这样的人？还是TA真的针对你？</p>\n\n<p>如果TA本身就是个行为非常让人讨厌的人，怎么办？No作No Die，恶人自有天收拾。</p>\n\n<p>如果TA是故意针对你，你就需要分析一下“TA为什么这么对我”：是不是我曾经在无意中伤害过TA？是不是我的存在对TA造成了威胁？</p>\n\n<p>带着充分的准备，有技巧地去跟TA“和解”。挑选一个舒服的场合，耐心地询问和倾听：“我是不是哪里让你不舒服了？”同时，客观地描述TA的行为或言语给你带来的感受。</p>\n\n<p>很多时候，我们在职场上遇到别人针尖对麦芒，就会立刻情绪升级。然而，这个世界上的真碧池并没有那么多。大部分的矛盾，都是沟通不畅造成的。</p>\n\n<h2>3、被马屁精气死的小C</h2>\n\n<p>小C和大多数人一样，觉得职场靠的是实力，表现好业绩好才是硬道理。然而偏巧，和他同组的同事Y是个十足的马屁精。</p>\n\n<p>老板让加班，Y二话不说加到半夜还发个朋友圈：“现在刚回家，收获满满。”老板的所有决定他都第一个赞同，甚至替老板开门提包。那种卑躬屈膝的奴才样，让C从心眼里不耻他。</p>\n\n<p>此后，老板越来越偏重Y，甚至觉得大家不像Y一样每天加班，出门提包撑伞就不是好员工。C该怎么办？</p>\n\n<p>首先我们得摆正对“溜须拍马”这件事情的态度。当然，赞美领导，不是像Y一样无底线地顺从和讨好，好的领导也一定能够明辨真诚与虚伪。</p>\n\n<p>你如果认同你的领导是一位值得尊敬的人，每次你观察到他让你觉得敬佩的细节，不妨把自己的感觉表达出来。领导听了在开心的同时，会知道你在用心观察，从而就加深了你们之间信任的纽带。</p>\n\n<p>当然，如果你的老板就是喜欢跳梁小丑，自觉比员工高人一等，追求特殊待遇，那你还追随他干什么呢？</p>\n\n<blockquote>\n  <p>本文首发于微信公众号“有意思教练”（ID：MessageCoach），为优化阅读体验，转载时有删减。</p>\n</blockquote>\n</div>', '313161', '1', null);
INSERT INTO `fd_headline` VALUES ('2', '欠了一定要趁早还的三种人情债', '很多时候我们真正所求的，也不过就是一个心安理得而已。', '<div class=\"topline-detail-content\"><h2>给你介绍对象这件事</h2>\n\n<p>能给你介绍对象，不管是你求助于对方还是对方主动为你介绍。能给你牵线搭桥的，至少是对你有一定的认可。</p>\n\n<p>当然，这也许是真心实意的肯定，也许不够纯粹。不过，不管是哪一种，这个情一定要还。为什么？因为对方认可了你的存在：我们反过来说，如果对方觉得你这人根本不行，又怎么可能为你介绍呢？</p>\n\n<p>一段情，上升到促成恋情，证明对方在心里对你是存在积极的评价的。但这就如同我上面所说一样，不管是真心实意，还是凑凑合合，这条信任你的线已经迈过去了。而你，至少要对方予以一个肯定的回应。</p>\n\n<h2>帮你做了你不愿意做的事</h2>\n\n<p>你不愿意做，但却不得不要完成某件事。而这个时候，有个人帮你做了这件事：于情，你们的关系好到我无需多言；于利，对方希望从你这边获得回报也是非常合理的。</p>\n\n<p>有些事情，你不愿意做，但是有人能帮你做。如果没有这个人，你可能也会做，但结果是你不用勉强自己做，因为有人替你做完了。</p>\n\n<p>是不是上面这段话挺绕的？好，咱们换个直观的说法：你的麻烦事，别人替你办了。</p>\n\n<p>好不好？不一定好，但绝对不坏！这就够了。认清现实的一个表现就是，知道很多的事情跟完美毫无瓜葛，但只要别搞砸了，这就算是对自己想法或是行为的一个交代：尤其是一些对你未来存在影响的事情，更是如此。</p>\n\n<p>现在，有一个人维护了你的感觉，保护了你“不愿意”的想法，你是不是应该早点谢谢人家？</p>\n\n<h2>帮你抬高形象的事</h2>\n\n<p>这种事，说俗点就是三个方面的事：该给你面子的时候给你面子，该让你表现的时候让你表现，让你出彩的时候助你出彩。</p>\n\n<p>只捧不杀，即使不算真朋友，也绝对跟你够得上可以聊下去的交情：为什么？现在这个社会，买的了面子的，除了钱，就是情。</p>\n\n<p>大岛这话很俗，但事实上就是这么回事儿：有些事情不是不说破就没有了，而是说破了，大家才明白这件事真的会说破。</p>\n\n<p>能帮你抬高形象，虽然比不得给你实实在在的银子，但也确实给你一部分银子才能办到的事情：也许你有理由怀疑他帮助你的动机，但你确实没有理由不回报对方。</p>\n\n<p>今天大岛讲的这些事情都很俗，并不算准确。大标题提到了人情债，很多人觉得人情债不好还，很难还。但，该还的还得还下去，这就如同生活再艰难，再烦躁，也还得继续下去。很多时候我们真正所求的，也不过就是一个心安理得而已。</p>\n\n<blockquote>\n  <p>本文首发于微信公众号“袁大岛”（ID：yuandadao），为优化阅读体验，转载时有删减。</p>\n</blockquote>\n</div>', '131315', '2', null);
INSERT INTO `fd_headline` VALUES ('3', '你的名字，如何让别人记得住？', '被别人记住其实是一种生产力。', '<div class=\"topline-detail-content\"><p>大家好，我是袁文魁，可能你之前看过江苏卫视的《最强大脑》，里面有很多记忆领域的高手，其中有二十多位是我的学生，我也在2008年的时候成为了世界记忆大师。今天我想和大家分享一个主题：如何更好地让别人记住你的名字。</p>\n\n<p>我曾经做了一次内训，当时人力资源部的经理跟我分享了一个故事，有一个员工呆了三年的时间，然后他心想自己应该要升职加薪了，就跟领导谈这件事情，结果领导说你叫什么名字？当时别提多尴尬了，所以被别人记住其实是一种生产力。</p>\n\n<p>那么如何让你的名字被别人记住呢？如果只是很常规地去介绍，其实很难被人记住，比如袁文魁，袁文魁的袁，文是文化的文，魁是魁梧的魁，这个时候别人在记他的时候还是三个比较孤立的字，不太容易把他记住，那么我们常用的技巧，我分享五种：</p>\n\n<p>第一种是通过形象化的方式把你的名字变成一个画面，让别人更好地去记忆它，里面有一种技巧就是通过谐音的方式，比如说我有一个学生叫魏进，你可以谐音介绍自己的时候“味精”，别人一下子就把它记住了；另外一个学生叫沈华（音），他把自己的名字倒过来变成华沈，谐音成“花生”，这样让别人一下子就把他的名字记住了。</p>\n\n<p><strong>另外还可以通过把名字拆开，编成一个小的故事的方式。</strong></p>\n\n<p>比如有个学生叫王子怡（音），王子很容易想到形象，怡的话是怡口莲的这个怡，我们可以想到一个王子在吃怡口莲的形象，也可以把他记住。</p>\n\n<p>另外一个学生叫陈致霖，致霖正好可以想到谐音“林志玲”，陈你可以想到一个具体的人物比如霍元甲里陈真这个形象，想象陈真和林志玲在约会，联想到这样一个画面以后，就可以把他的姓和名一起来进行记忆。</p>\n\n<p>第二种方式是对刚才的一种升级版，就是<strong>通过绘画的方式来进行呈现</strong>。</p>\n\n<p>我给别人介绍自己名字的时候，经常会画一幅简单的画，“袁”可以想到一个圆形，“文”在旁边和里面画一些花纹，最后把它变成一株向日葵，所以圆形有很多花纹的一株向日葵。当我把这幅画画出来以后，很多人就会把我的名字记住。所以很多人听完我的讲课以后，特别是小朋友就叫我向日葵哥哥。这样的形象这样的呈现，就让你和别人不一样。</p>\n\n<p>如果你能把你的名字形象化的技巧，印在名片上的话，可能会更受欢迎。比如，白宇晨，你可以在白色的名片纸上画上一个浩瀚的宇宙，然后上面有一个太阳辰星往上面升起来这样一个画面，再拿着这张纸这个名片跟别人去介绍的时候，就会更加清晰，别人也觉得很有创意，你就更容易被别人记住。</p>\n\n<p>第三，我们还可以<strong>通过表演的方式</strong>，这也是一种形象的技巧，但是加入了你的声音、动作，会让别人比只看纸张上面的图片印象更加深刻。</p>\n\n<p>比如有个学生叫高汉澎（音），他长得比较高大，可以想像在介绍自己的时候“高汉”，就比一下自己的身高，然后为了突出自己是一个汉子，把自己的双手举起来秀一下肌肉，“澎”想到心潮澎湃，所以他就比出一颗心，这颗心怦怦在跳，通过这样一个表演，就让别人很深刻地记住了他的名字。</p>\n\n<p>第四就是<strong>融入特别的故事</strong>。</p>\n\n<p>人都喜欢有意义的信息，名字没有意义，所以不太容易记，但如果你把你名字背后的故事跟别人进行讲解，这个时候别人可能会更容易记住他。</p>\n\n<p>比如我的名字袁文魁，我有时候会跟别人去讲解，因为我当时出生在一个农村，这个村子里面我们整个袁家当时还没有出过一个大学生，他们希望我能够在以后在文化上有所成就，最终我选择了文学这个专业，在武汉大学成为了中国现当代文学的硕士，也许名字就是这样阴差阳错地改变了我人生的轨迹。所以当我跟别人去简单的讲解这个故事以后，别人会更加了解我的名字的起源，也更容易去记住它。</p>\n\n<p>第五个就是融入一些特定的祝福。我们每个名字都有一定的寓意，如果把这样的寓意赠送给别人，而且是比较巧妙的方式，别人就更容易记忆。</p>\n\n<p>因为我会经常给一些中小学生进行演讲，他们都希望能够在文化课上能考出更好的成绩，所以“袁”正好是可以想到祝愿的这个“愿”，文魁就是文科拿到第一或者在文化课上拿到第一。</p>\n\n<p>所以我每次在介绍的时候也会说，祝愿所有听我演讲的同学们都能够圆一个文魁的梦，能够成为你所在领域的第一名。</p>\n\n<p>这五种方法你记住了吗？如果你想学习如何更多的去记住别人的名字，以及如何把人的名字和面孔对上号，可以点击下方的图片链接，听听我的小讲。</p>\n\n<p><a href=\"http://fd.zaih.com/speech/8037033703243854?utm_source=toutiao_0928sbs\" rel=\"some text\"><img src=\"https://medias.zaih.com/0b0d287eb05d2d8ebf451ad3422c_1125x422.jpg?type=link\" alt=\"img\"></a>\n</p></div>', '1616165', '3', null);
INSERT INTO `fd_headline` VALUES ('4', '急用钱时，这些东西可以用来换命', '这是一篇严肃的“快速贷到钱攻略”。', '<div class=\"topline-detail-content\"><p>万一有那么一天，你着急用一大笔钱，手边又没那么多流动资金，哪些东西可以救急呢？</p>\n\n<h2>1、 信用</h2>\n\n<p>现在信用是越来越值钱了。比如银行信用卡、蚂蚁花呗、京东白条等等，都是信用价值的体现。只要你按时还款，过一段时间就会自动提额。</p>\n\n<p>万一到了急用钱的时候，你的这些信用积分都是可以帮助你快速贷款，解燃眉之急的。规划君一直以来都在强调，大家要合理使用信用卡，到期别忘了还款，平时消费也别刷超了，正是这个道理。</p>\n\n<h2>2、 工作</h2>\n\n<p>一份好的工作也可以让你“空手套白狼”，不同的职业在无抵押贷款额度上，差别是很大的。</p>\n\n<p>其中，最值钱的工作要数公务员、事业单位和央企国企职员了。只要信用记录上没出过太大的纰漏，大概率可以贷出十几万到几十万不等。如果工龄比较长，或者有个一官半职，额度会相应提高。</p>\n\n<p>现在还有不少银行专门为这类工作稳定的群体定制了贷款计划，单位也可以以“团购”形式贷款，利率也相对较低。嗯，怪不得大家挤破头都想进这种“金饭碗”单位，别看工资不见得多高，但实际上就是行走的小金库……</p>\n\n<p>其次就是普通的工薪阶层，个人信用良好的话，通过贷款申请的概率同样是很高的。一般来说，贷款额度为薪资的2-10倍。如果申请人有房有车，贷款额度也可能提高到薪资的10-20倍。</p>\n\n<p>如果工作不稳定，无抵押贷款申请难度就大了。</p>\n\n<h2>3、 房、车等固定资产</h2>\n\n<p>说到抵押贷款，大家的第一反应一定是房子。的确，无论是个人还是企业，房产应该是资产中占比最大的一部分了，类似“两套学区房救活一家濒临破产的公司”这种新闻，近年来屡见不鲜。</p>\n\n<p>不过，不同的房产对应的贷款额度是不一样的。比如说，商品住宅的抵押率最高可达7成，商铺和写字楼的抵押率最高6成，工业厂房的抵押率则至多5成，具体还得看银行对房产的评估情况。</p>\n\n<p>同理，车、工厂设备等固定资产，也可以作为贷款抵押物，至于能贷多少钱，同样以银行爸爸的评估为准。</p>\n\n<h2>4、 股票、债券等证券</h2>\n\n<p>有价证券也是可以做抵押的，比如股票、汇票、期票、存单、债券等都能作为抵押，为你取得短期贷款。</p>\n\n<p>大致流程是，将自己的证券交给银行，银行根据你所持证券当前市场价值，按照一定的折扣给你放贷。</p>\n\n<p>举个栗子：</p>\n\n<p>小明想用1万元股票来贷款，银行首先需要确定这只股票不是垃圾股，并且公司有正常的交易和经营业务，然后对股票进行估值，假设打7折。</p>\n\n<p>然后小明再跟银行签订抵押贷款协议，将股票通过证券公司过户给银行，银行确认后，就会给小明放贷7000元现金。</p>\n\n<p>如果小明没有在规定还款时间内把本息归还给银行，银行有权根据协议内容变卖小明的股票。</p>\n\n<h2>5、 保单</h2>\n\n<p>用来贷款的保单投保人必须在18-60周岁之间，而且不是所有保单都可以“换钱”，只有那些具有储蓄性质的保单，比如寿险、分红险、年金保险等可以用来贷款。对于消费型保险，比如意外险、健康险、投连险等，不具备储蓄功能，是不能用来贷款的。</p>\n\n<p>并且，就算是储蓄险，也不是都能贷出钱。</p>\n\n<p>比如那些没有产生保单价值准备金的保单、未满一年保费的保单、已办理减额缴清的保单、账户内现金价值较小的保单、已停效的保单等，都是不能用来贷款的。</p>\n\n<p>保单的贷款金额和证券抵押差不多，也是要打折的，通常情况下，贷款最高金额是保单当时现金价值的80%，到保险公司办理即可。</p>\n\n<p>除了这些办法，紧急备用金也是非常重要的，留出3-6个月的开支，救个小急，足够了。当然，越早开始理财，未来才会越安稳，才能不必为了钱而忧愁。</p>\n\n<blockquote>\n  <p>本文首发于微信公众号“好规划网”（ID：plan141），为优化阅读体验，转载时有删减。</p>\n</blockquote>\n</div>', '13151651', '4', null);
INSERT INTO `fd_headline` VALUES ('5', '十一出行，让人尖叫的打包技巧', '送你一个使用锦囊，只需要三步，让你十一出游不用再为打包行李烦恼。', '<div class=\"topline-detail-content\"><p>又到了十一小长假，能出去旅行很开心，可整理行李真的超级麻烦。</p>\n\n<p><strong>有没有行李整理的通用方法？学一次就能用到所有行李打包上？</strong></p>\n\n<p>还真有。</p>\n\n<p>这就送你一个使用锦囊，只需要三步，打包行李走天下。</p>\n\n<h2>第一步：集中物品，分类</h2>\n\n<p>先把旅行出门在外要用到的所有物品都拿出来，大致将它们分分类。它们大约会分成以下几类：</p>\n\n<ol>\n<li><p>衣物及饰物：衣服、内衣、鞋子、袜子、太阳镜、围巾等</p></li>\n<li><p>证件：身份证、护照、现金、信用卡、借记卡等</p></li>\n<li><p>药品：常备药、保健药、感冒发烧的，治上火治拉肚子等应急药</p></li>\n<li><p>清洁物品：纸巾、毛巾、洗面乳、洗发沐浴液等</p></li>\n<li><p>护理物品：乳液、防晒霜、女性卫生用品</p></li>\n<li><p>彩妆物品：口红、粉饼等</p></li>\n<li><p>电子设备：充电器、手机、笔记本电脑</p></li>\n<li><p>旅行小物品：水杯、雨衣/伞、塑料袋或者密封袋（一种用来装垃圾，一种用来放穿过的内裤、袜子，一种用来防潮）</p></li>\n</ol>\n\n<p><img src=\"https://medias.zaih.com/428111e475bde98eebb00dafd92a_781x484.png\" alt=\"img\"></p>\n\n<p>分类以后，你对于出门要带的物品数量及所占空间已经有个大致认识了。</p>\n\n<p>接下来再看看有没有什么物品是在当地便利店就可以就地解决的，进一步精简。</p>\n\n<h2>第二步：用适当的收纳工具收纳</h2>\n\n<ol>\n<li><p>拿出一个衣物收纳筐，把衣服叠起来竖着放置好\n<img src=\"https://medias.zaih.com/3cca4c5cda4d67990c7740c91f04_1080x810.gif\" alt=\"img\">\n衣服怎么才能叠到可以竖起来了，请参考下面的教学GIF。\n<img src=\"https://medias.zaih.com/a170c798c7eb67551b458f79c61b_810x1080.gif\" alt=\"img\">\n<img src=\"https://medias.zaih.com/f773296b1bb45926d840b89ce46a_810x1080.gif\" alt=\"img\">\n<img src=\"https://medias.zaih.com/22dc87f6260a716b32b4e399fb9a_1080x1080.gif\" alt=\"img\">\n<img src=\"https://medias.zaih.com/eb1c7cf09ca9bbfc80a15cbcffc8_1080x810.gif\" alt=\"img\">\n<img src=\"https://medias.zaih.com/c36b8d2d777f9b602e1e79ccb426_1080x1080.gif\" alt=\"img\">\n<img src=\"https://medias.zaih.com/2a1caf00c250ac11e887110a2957_1080x1080.gif\" alt=\"img\">\n<img src=\"https://medias.zaih.com/7ff0a7eaf8d5af84fa119a6e96c3_800x800.gif\" alt=\"img\">\n<img src=\"https://medias.zaih.com/0e816827d3aee393c8da43ffdf98_1080x1080.gif\" alt=\"img\">\n使用密封袋或者饰品袋来整理小件饰品。\n<img src=\"https://medias.zaih.com/058faba2b7bd45caed8acdf3953d_865x423.png\" alt=\"img\">\n拿出塑料袋（我个人喜欢用保鲜膜），把鞋子收纳好。为了提防鞋子变形，可以把袜子卷起来之后塞进鞋子当中，然后用塑料袋包裹好整个鞋子。\n<img src=\"https://medias.zaih.com/f747cec49f47aaa92ecbd2c20b64_1080x810.gif\" alt=\"img\">\n这个时候还剩下外套，外套为了避免褶皱，我们需要最后装箱。</p></li>\n<li><p>拿出文件夹，将所有证件收纳好\n<img src=\"https://medias.zaih.com/4991b3a518eaf895e7172b80bfd5_758x366.png\" alt=\"img\"></p></li>\n<li><p>拿出旅行药盒，将药品分装好\n<img src=\"https://medias.zaih.com/b24641b80965613ccd346c016f39_378x378.png\" alt=\"img\"></p></li>\n<li><p>拿出分装瓶，将清洁护理物品分装好\n<img src=\"https://medias.zaih.com/89489bb31474cf3b866fe64213ea_263x263.png\" alt=\"img\">\n<img src=\"https://medias.zaih.com/4a2e97a76f01d40cee07e43084d2_328x246.png\" alt=\"img\"></p></li>\n<li><p>拿出分装包，将清洁护理彩妆收纳好\n<img src=\"https://medias.zaih.com/332154e4ebfa46e136534c8c86f9_3257x3270.jpg\" alt=\"img\">\n<img src=\"https://medias.zaih.com/597def41b48d834ff5d097ba1803_1080x810.gif\" alt=\"img\"></p></li>\n<li><p>拿出分装包，将电子设备收纳好\n用扎带捆好数据线，将电源、充电器等各种电子设备找个分装包收纳好。\n<img src=\"https://medias.zaih.com/bf472be08b9a9870dac10aa8fe0d_427x354.png\" alt=\"img\">\n<img src=\"https://medias.zaih.com/58a3292a863bfbc22cb16cde8b6c_1080x809.gif\" alt=\"img\"></p></li>\n</ol>\n\n<h2>第三步：便当式装箱，微调</h2>\n\n<p>日本太太们装便当的神技，相信很多人都看叹为观止。便当式装箱就是把打开的行李箱看成一个便当盒，</p>\n\n<p><img src=\"https://medias.zaih.com/fe206daa7ad9ca33a32cec08867c_863x648.png\" alt=\"img\">\n先放入我们折叠好的衣物。\n<img src=\"https://medias.zaih.com/14fa500b6e8ee352bbc8d7adb208_863x648.png\" alt=\"img\"></p>\n\n<p>再放入不能挤压的鞋子，装好的分装包也可以放进去。\n<img src=\"https://medias.zaih.com/8b66086bc13d74c4481f2eaf3fb6_863x648.png\" alt=\"img\"></p>\n\n<p>放好的分装包以后，还有随身小包、雨伞、电子设备、眼睛、药盒等。\n<img src=\"https://medias.zaih.com/a631dc22c38f1abe63c08a94e4a8_863x648.png\" alt=\"img\"></p>\n\n<p>像装便当盒一样在空隙处填塞。\n<img src=\"https://medias.zaih.com/1202e546649c7b9cf147ca709f21_863x648.png\" alt=\"img\"></p>\n\n<p>如果有不合适的地方可以稍微微调一下。多余的空间用不易皱的衣服去填充。有就是你可以把比较重，比较硬的东西，放在这个箱子的底层。比较软，比较怕压的东西，放在箱子的上方。</p>\n\n<p>最后还剩下不能叠的外套。放在最上面。\n<img src=\"https://medias.zaih.com/175c217a3520cd22561ee8761d48_863x648.png\" alt=\"img\">\n<img src=\"https://medias.zaih.com/e669bca3bc1b8165e7f3de07c160_863x648.png\" alt=\"img\">\n<img src=\"https://medias.zaih.com/8d79b26f8aed718f058e168ecd20_863x648.png\" alt=\"img\"></p>\n\n<p>最后外套简单对折一下放在行李箱最上面，大功告成。\n<img src=\"https://medias.zaih.com/512bf18613c97f3882ddcc9f0220_865x648.png\" alt=\"img\">\n<img src=\"https://medias.zaih.com/0a3146a35d0cf1460f4cb41b415d_863x648.png\" alt=\"img\"></p>\n\n<p><img src=\"https://medias.zaih.com/31b00d91779423c60704b6f1bce9_1080x810.gif\" alt=\"img\"></p>\n\n<p>好啦，以上就是适用于任何旅行的打包技巧啦，助你轻松出行哦！</p>\n\n<p>任何关于收纳的问题，欢迎加入我的分答社区《整理收纳魔法课》和我交流~\n<a href=\"https://fd.zaih.com/column/800036850636243957?utm_source=toutiao_0928sbs\" rel=\"some text\"><img src=\"https://medias.zaih.com/dca8f7b90c1c479b9692e65368aa_1125x375.jpeg?type=link\" alt=\"img\"></a>\n</p></div>', '13131454', '5', null);
INSERT INTO `fd_headline` VALUES ('6', '3招告诉你甩人的正确方式', '早就想说分手了？却怎么都开不了口？别急，这就告诉你。', '<div class=\"topline-detail-content\"><p>感情就是这么不可思议，薛之谦前脚刚刚宣布完复婚消息，大家伙儿刚嘀咕着“又开始相信爱情”了，这边前女友李雨桐又开始爆出猛料，欠债、劈腿，条条都要置薛之谦于身败名裂之地！</p>\n\n<p>其实我觉得这事儿跟钱无关，一个明星、一个网红，按理说都不缺钱，并且事情也已经过去那么多年了。但这李雨桐就是不肯松口，只能证明薛之谦当年的分手细节，处理得不好。</p>\n\n<p>这让我想起曾经的一个新闻：某女生因为嫌弃男友穷、没出息，要求分手。男生答应了，分手后却奋发图志，工作上屡屡进步，分手六年来他一直重新追求前女友，后来女孩终于被感动。</p>\n\n<p>可就在女孩答应他的追求之后，男孩开始变脸，此后没多久就用极恶毒的语言甩了这姑娘，女孩很不理解，这男人咋变脸这么快？！男孩说“实话告诉你，我这六年追你，就是为了甩掉你！也让你尝尝被人鄙视的滋味！”</p>\n\n<p>当时看完这新闻，只让我身上一阵冷，虽然恋爱免不了分手，可人人都希望提分手的资格只掌握在自己手里。这就是人性，也是我们在分手时，需要着重考虑的危险因素。</p>\n\n<p>那在这里，就跟大家探讨一下分手时的话术，怎么提分手，才能让感情和平结束？</p>\n\n<h2>分手前需要一些准备动作</h2>\n\n<p>当你决定要分手时，就要开始渐渐渐渐变得冷淡，约会慢慢变少、给对方的要求开始找各种理由拒绝、重要的是要有意无意跟对方透露一些对于你们的将来不抱希望的想法……</p>\n\n<p>这段时间需要两到三个月，当对方有了心理准备，这时候，你就可以把TA约出来，说出自己的想法，告诉TA自己在这段感情中已经越来越不快乐，感情已经开始变成了负累，并且请求TA的理解。</p>\n\n<p><strong>态度一定要真诚，别攻击别人的软肋</strong>。研究中发现，男人最受不了的分手理由是：被对方攻击他的赚钱能力和性能力，而女人会最怨恨鄙视她外貌的异性。</p>\n\n<p>而所有分手后的报复，大多源自分手时自尊心的受伤害，所以保护了别人的尊严，就是保护了分手后你的安全。</p>\n\n<h2>在阴雨天气以及悲伤的氛围中，主动说一些对感情失望的话</h2>\n\n<p>如果你觉得分手这事儿就算说了，对方也未必答应，那么你应该选择在阴雨天提分手。</p>\n\n<p>人在阴雨天气里容易多愁善感，对外界情绪的敏感度更高。这时候，做出任何伤人的言行举动，都会令对方产生对你的反感，自然而然联想到：自己是不是选错了人？这样的人值得共度一生吗？</p>\n\n<p>心理学上有个统计，恋爱男女，在雨天分手的几率明显大于风和日丽的大晴天。这就是天气对于人情绪的影响。</p>\n\n<p>同理，在看过悲剧电影后，或沉浸在悲伤的音乐里等等一切心情黯淡时，都容易令人感怀伤感，自然更容易落入你事先安排好的“分手陷阱”里面。</p>\n\n<h2>分手时要给对方发泄情绪的机会</h2>\n\n<p>有人害怕伤面子，会选择短信分手、电话分手的方式，说完“我们分手吧”就立刻挂断、关机，他以为这种消失可以最大程度的躲避开矛盾，其实这是最容易激化矛盾的方式。</p>\n\n<p>身边有个女性朋友，与前男友分手，对方也是各种不同意，开始在她面前谩骂、哭诉、哀求，她就一直耐心听着，后来这男生折腾了七八个小时，精疲力竭，情绪也发泄得差不多了，起身离开，从此二人无任何互相诋毁。</p>\n\n<p>你看，情绪就是这样，单纯的堵是堵不住的，得释放和疏导，让对方把分手的痛感释放出来，这是一种最基本的分手礼仪。</p>\n\n<p>最后想提醒大家的是，分手时一定要态度明确，不要若即若离，不要因为对方情绪的变化，就随便改变口径，这不是最终解决问题的根本。</p>\n\n<p>当然，分手后的一段时间内，不要答应对方面谈的要求，一旦见面，很容易引发感情的波动，很多人分分合合若干次就是分不彻底，多半是因为心软、见面，而形成了恶性循环。</p>\n\n<p>我们都渴望爱到天荒地老，但如果一段感情真的让彼此渐渐开始痛苦，分手未必不是一种福气。这就需要你的态度，去决定你们未来的走向。</p>\n</div>', '13116161', '6', null);
INSERT INTO `fd_headline` VALUES ('7', '“岁月静好”，是接受现实的说辞吗？', '“最怕你一生碌碌无为，还安慰自己平凡可贵。”', '<div class=\"topline-detail-content\"><p>在我们生活圈周围，阶级固化已经成了路人皆知的关键词。生活及出生在底层的人们已经慢慢学会了接受，自觉或不自觉地，安于平淡的生活现状。但安于现状难道就轻松了吗？</p>\n\n<p>从心理学角度出发，人本主义学派认为每个人的潜意识中一定存在某种奋斗的愿望，想要去改变自己并不完美的的现状。</p>\n\n<p>那么，到底是什么导致了人会安于并不完美的现状，并且不愿意做出尝试与改变呢？</p>\n\n<p>首先，<strong>我们必须了解他们安于现状的心理原因。</strong></p>\n\n<p>一个非常残酷的事实是，底层出生的人会有更大的机会接触失败，并且只能被动承受失败带来的痛苦。 </p>\n\n<p>比如，他们想要追求某个心仪的女孩子时，结局往往会以失败而告终，因为他们没有足够的资本，给不起对方想要的生活；</p>\n\n<p>比如，他们想要去做出改变，但没有足够的资源找到一条上升的渠道，也没有人能给予靠谱的建议与指导，自己闷头乱撞，被骗及失败的概率是非常大的。</p>\n\n<p>虽然这么说很残酷，但多次重复失败之后，产生“习得性无助”的心理是必然现象。</p>\n\n<p>因此，底层人士并不是天生就缺乏斗志，而是他们从心理上已经习惯了妥协与失败，失去了持续努力的动机和愿望。</p>\n\n<p>更严重的是，失败的阴影可能永远笼罩在了他们的心里，表现出还没尝试新事物就开始害怕失败、畏首畏尾的情绪反应，形成严重的自我怀疑。</p>\n\n<p>这种现象，并不是只有底层人士才有，在我们的生活周围，学生、职场人士、创业者，甚至是非常成功的精英，都有可能陷入习得性无助，这是心理学上非常经典的应激反应。</p>\n\n<p>那么，<strong>我们究竟该如何摆脱习得性无助，在多次尝到失败的苦楚之后，还能持续去奋斗、努力，打破现状呢？</strong></p>\n\n<p><strong>（一）用正确的归因方式</strong></p>\n\n<p>要刻意练习归因，将成功归因为能力，以及有效的努力，将失败归因为无效的努力，或者短期的能力不足。</p>\n\n<p>了解了原理，操作就比较简单了。</p>\n\n<p>我们可以用列清单的方式，及时检查自己的归因模式，比如遇到一件不顺心或者失败的事情，事后复盘、记录自己的归因，当样本足够多了之后，你会逐渐了解自己的思维习惯了，据此，就可以进行必要的修正，把自己的归因模型从消极模式逐渐切换到积极模式。</p>\n\n<p><strong>（二 ）从微成功开始起步</strong></p>\n\n<p>小改变可以撬动大变化，但我们总是对小改变不以为然，斯蒂芬盖斯在《微习惯》这本书中，清晰展示了小改变的力量。</p>\n\n<p>他本人是一个又懒又胖的资深宅男，无数次尝试改变都半途而废，对改变不抱任何希望的他，给自己设定最低的目标，比如，想练肌肉，那就每天1个俯卧撑，想写一本书，那就每天写100字……</p>\n\n<p>这些微习惯和小坚持，给他带来了翻天覆地的变化，不仅成为肌肉男，甚至还出了《微习惯》这本畅销书。</p>\n\n<p>我们总是用静止的眼光看待事情，这会让我们犯下两个错误：</p>\n\n<p><strong>1、低估一件事的二级效应</strong></p>\n\n<p>比如早起，很多人对此嗤之以鼻，但很多人的改变就是从早起开始，因为早起，不仅仅是起床时间的变化，这也是一个小挑战，一个小自律，每一次成功早起，都会强化自己是一个自律的人，慢慢地，自律会呈指数型增长，带来整个生活的连锁改变。</p>\n\n<p><strong>2、是低估一件事的时间效应</strong></p>\n\n<p>就如同每天写100字，一年就有三万多字，尤其关键的是，当我们每天毫无压力完成100字后，会忍不住再写100字，再写100字，这是轻松状态的想去写，而非不得不写。</p>\n\n<p>对于很多习得性无助者而言，设定一个小目标，培养一个微习惯，是非常好的开始，目标太大，只会加深你的无助感，这样，打再多的鸡血也没用。</p>\n\n<p><strong>3、有效强化刺激</strong></p>\n\n<p>在《不抱怨的世界》一书中，作者威尔鲍温提出了一种强化刺激工具：不抱怨手环。</p>\n\n<p>它的使用方法是，只要你在任何时刻产生了抱怨的情绪，那么你就必须换一个手佩戴不抱怨手环，每天记录更换手环的次数，以此形成一种心理暗示：更换手环的次数越多，就越意味着失败。</p>\n\n<p>这就是通过负强化刺激，帮助你逐步减少抱怨的次数，最后形成新的条件反射链，成就一个永不抱怨的自己。</p>\n\n<h2>总结</h2>\n\n<p>人的潜能是非常强大的，具有自我修复、自我激励的本能，因此我们只要能够按照正确的方法与道路，踏出行动的第一步，习得性无助其实是很容易被战胜的。</p>\n\n<p>方法永远只是在你前方的那一扇门，你需要自己走过去、打开它，才有可能找到自己预期的那个目的地。</p>\n</div>', '5645654', '10', null);
INSERT INTO `fd_headline` VALUES ('8', '她让闺蜜考察你，要怎么表现才加分？', '带着闺蜜见男友，到底出于一种什么心态，你碰到该怎么办？', '<div class=\"topline-detail-content\"><p>女孩儿带你去见她的闺蜜这事儿，从亲密程度的递增性上，可以分成三个层面。</p>\n\n<p>这三个层面的关键词，分别是：</p>\n\n<p><strong>1、暧昧期与“缺乏自主判断”</strong></p>\n\n<p><strong>2、摇摆期与“责任转移”</strong></p>\n\n<p><strong>3、交往期与“炫耀心理”</strong></p>\n\n<p>再说简单点，就是“能要吗？”、“要不要？”、“你没有吧？”</p>\n\n<h2>第一个层面，暧昧期</h2>\n\n<p>你们刚认识不久，女孩儿对你不讨厌，有一点点喜欢，但喜欢的程度还没到心里笃定“就是这个人了”。</p>\n\n<p>很多女孩儿其实并不明白自己真正想要的、适合的是什么样的人，缺乏自主判断。此时带去见父母？为时太早。于是，女孩儿为了考察你，带你去见闺蜜，让她们给自己出出主意。</p>\n\n<p>在暧昧期，女孩儿带你见闺蜜，考察目的明显，要么就是她十分信任、亲同手足的姐妹，要么就是同时两三位。</p>\n\n<p>后者的概率更大些，因为缺乏自主判断的女孩儿，通常不会把宝押在一个人的判断上，所以，如果女孩儿带你见闺蜜，而且有两个以上的女孩儿存在，注意观察她们的表情，递眼色、窃窃私语是常见的表现。</p>\n\n<p>缺乏自主判断的女孩，在爱情面前是傻狍子。</p>\n\n<p>这些考察，男生不笨的话，一眼就能识破，所以如果你真的想追这个女孩儿，此时就要表现出绅士风度和细心，询问每个人的口味和忌口、布菜、递纸巾、招呼服务员提供服务、活跃聊天气氛、表现出对女孩儿的喜爱并在闺蜜前夸她的优点，最后，主动买单，这些都是必做项目。</p>\n\n<h2>第二个层面，是摇摆期</h2>\n\n<p>在这个阶段，女孩儿心里是喜欢你的，但是她多虑，需要闺蜜和朋友给自己一点肯定的意见，好助力自己下决定。</p>\n\n<p>有些女孩儿说自己这是选择困难症，这是在给自己找借口和托辞，其实她就是想把责任进行转移，她的潜台词是：“和他交往的决定不是我下的，而是我姐妹们都觉得不错”。</p>\n\n<p>提醒一些女生，如果你的朋友圈里有这样的女孩儿，那你不要为她做决定，这种事儿能拒绝就拒绝，因为她将责任用这种方式转移的同时，也把追究责任这事儿转移到了你头上。</p>\n\n<p>一旦爱情失败，有些女孩儿会反过来埋怨闺蜜，“我当时就是拿不定主意啊，都是你们说好好好，结果最后还是分了吧，以后别给我瞎出主意！”</p>\n\n<p><strong>暧昧期和摇摆期的区别：</strong>\n暧昧期，是不确定要不要喜欢你，所以让闺蜜和好友看看你的为人处事，她们觉得不错，好，那我现在开始试着接受你。</p>\n\n<p>摇摆期，是我很喜欢你了，想跟你交往，我心里已有答案了，但我怕，我自己不想做这个决定，所以我让闺蜜看一下，从她们那里获得肯定，我就有勇气下这个决定了。</p>\n\n<p>暧昧期与摇摆期，一个是要不要试着接受，一个是已经接受了，但是自己不敢做决定，这就是所谓的“能要吗？”与“要不要？”</p>\n\n<h2>第三个层面，交往期</h2>\n\n<p>是已经确认交往了，带你去见闺蜜。有些人，是公开，有些人，是炫耀。</p>\n\n<p>对私生活保护得比较好的女孩儿，不见兔子不撒鹰，确定交往之后，才带给闺蜜们看，是让你进一步融入她的生活。</p>\n\n<p>而对于另外一部分女孩儿，则是炫耀，比衣比包比男友，我有，“你没有吧？”这年头，男友也属于可以炫耀的奢侈品。\n所以，男生其实真正要做的，就是在第一个阶段表现好就成功了一半。</p>\n\n<p>在第二、三个阶段，你要做的只有一件事，那就是：尽量在她的闺蜜面前夸你的女孩儿，夸得越猛越好，满足她的炫耀心理，同时，让她的闺蜜觉得你是真正爱这个女孩儿的，这样，她们才会帮她做决定。</p>\n</div>', '5646465', '11', null);
INSERT INTO `fd_headline` VALUES ('9', '20多岁要怎么做，才能在5年后变得富有？', '自由的人并不仅仅是拥有很多很多的钱，而且是能对人生拥有的掌控和选择权的人。理财就是理生活，你懂里面的奥妙吗？', '<div class=\"topline-detail-content\"><p>据说每一代人，都会嘲笑上一代人老土。</p>\n\n<p>作为80后，感觉我刚刚甩开为钱奔忙的日子，好不容易停下来喘口气，迎面而来的居然是95后的表妹的人生指导。</p>\n\n<p>“我们要的是自由，你懂不懂？”表妹喝了一口手里的咖啡，一脸“你这个老年人不懂我们的世界”的表情说道。</p>\n\n<p>表妹工作刚刚一年，初入职场的她保持的是随心所欲的生活标准。</p>\n\n<p>她口里常常念叨的十六字箴言是：“不行就分，喜欢就买，多喝点水，重启试试。”</p>\n\n<p>对于我正在做的理财教育这件事，她的态度是，我们年轻人对理财say no。\n<img src=\"https://medias.zaih.com/8c0466a5c265ad1c9a8cebedd050_524x350.jpg\" alt=\"img\">\n我问她：“你难道没有财务上的烦恼吗？”</p>\n\n<p>“30岁以前不要谈钱，也不要谈存钱，要不然对不起青春，对不起自己呐。人生苦短，每个人都只能过一次人生，何必要过得这么辛苦？”</p>\n\n<p>表妹一脸严肃的说，就差握住我的手，带我一起飞了。</p>\n\n<p>在表妹的概念里，记账是浪费时间，任性的买买买是人生信条，花钱在人情往来吃喝玩乐上更是天经地义。</p>\n\n<p>她反问我：“难道我每天买杯拿铁有罪吗？年轻人不社交，怎么能早日在职场上有提升呢？理财属于老年人，我们需要随心所欲的生活。”</p>\n\n<p>说完，她潇洒地去看她偶像的演唱会了。</p>\n\n<p>其实表妹还真不算个特例，不少人会坚持说理财是这个世界上最大的鸡汤，因为你省下来钱以后，你反而错过了美好的生活。</p>\n\n<h2>理财和随心所欲的生活，真是这么不相容吗？</h2>\n\n<p><img src=\"https://medias.zaih.com/e954f2731a28641d6eb33772120b_624x350.jpg\" alt=\"img\">\n大部分人把理财直接等同于节省，于是理财变成了一件苦差事。每个月勒紧裤腰带，这里抠一点，那里省一点，一个月下来，却依然所剩无几。这样的状态我都不想要，被表妹这样的新新人类嗤之以鼻也是自然。</p>\n\n<p>但或许我们应该从另一个角度来看待理财这件事。</p>\n\n<p>在经济学中有一个资源配置的概念，意思是说每个人的资源都是有限的，因此要合理的去配置与规划，这样我们才能最大化地享受资源合理配置带来的收益。</p>\n\n<p>人们往往错误地以为，“等我收入够多了，一切就都可以改善了”。</p>\n\n<p>然而事实是，我们的生活成本会增加，欲望会升级，提升生活质量的诉求一直存在。</p>\n\n<p>来日方长，享受当下，生活不受限制，随心所欲只是一种理想状态。</p>\n\n<p>如果我们一味追逐这样的自由，在前期挥霍了太多资源，恐怕我们会更快进入被动的窘境。\n<img src=\"https://medias.zaih.com/225630dca40e6558eb477dcd0825_528x350.jpg\" alt=\"img\">\n还没有等我把酝酿中的说出来，我亲爱的表妹又出现了。</p>\n\n<p>这一次，她看上去愁眉苦脸。追问之下，原来她最近遇到了一个升职的机会，却被某个专业证书拦在了门外。然而，获取专业证书的考核需要支付一大笔培训费和复习时间。而她因为要买一款新出的包包，还有购买她的偶像的演唱会门票，把这个考试暂时延后了。</p>\n\n<p>可是这个考试，她并不是刚刚才知道。只是表妹选择性视而不见：她想先满足自己当下的欲望，于是将考试放到了后面。</p>\n\n<p>虽然她一脸懊悔的样子让人心疼，可我也爱莫能助。</p>\n\n<p>我们确实不该太计较金钱本身。可明明想要追求自在的生活，却跌入了窘迫的泥沼，这并不是我们想要的自由。</p>\n\n<p>我遇到很多年轻人，他们早已不像上一代，背负着沉重的匮乏感，一心只想积累更多更多的财富。他们更有活力，更有想法，更有理想，追求自由自在的生活。</p>\n\n<p>可自由自在并不是凭空而来，生活在商业社会，我们总是会遇到各式各样的问题。</p>\n\n<p>自由的人并不仅仅是拥有很多很多的钱，而且是能对人生拥有的掌控和选择权的人。而自由，除了财务保障，还取决于我们是否知道自己的选择到底通向哪个目的地。</p>\n\n<p>合理的规划，与“不想被生活所累”并不对立；</p>\n\n<p><strong>从容地生活，本身就是一种自由的能力。</strong></p>\n\n<p>正如我们一贯主张的“理财就是理生活“，愿20多岁的你，能够掌握规划自己生活的能力，过上自由的生活。</p>\n\n<p>好了，如果你对理财有什么新的想法或兴趣，欢迎点击下方的图片链接，来我的小讲跟我互动。</p>\n\n<p><a href=\"https://fd.zaih.com/speech/album?id=6037025287713124&amp;utm_source=toutiao_0927sbs\" rel=\"some text\"><img src=\"https://medias.zaih.com/16b7b9261056a889f1cb99e75705_1125x375.jpeg?type=link\" alt=\"img\"></a>\n</p></div>', '65461321', '12', null);
INSERT INTO `fd_headline` VALUES ('10', '香蕉和枣一起吃，会看到人生走马灯？', '我们做了数次实验，只为揭秘香蕉和枣的最佳“恶心”配方……', '<div class=\"topline-detail-content\"><p>前几天，一条诡异的微博突然上了热门。大意是说，吃了香蕉再吃枣，会有臭得非常恶心、甚至让人想死、能看到走马灯的味道！</p>\n\n<p><img src=\"https://medias.zaih.com/4539ed817adb2de30710a581ad66_265x417.png\" alt=\"img\"></p>\n\n<p>原作者的描述是吃完会看到人生的走马灯……吃个香蕉和枣就能把自己吃成濒危物种也是蛮厉害的！还有人吃完说看到了孔子和苏格拉底还有满天神佛……作为一个唯物主义者，这些乱七八糟的描述对我而言显然过于虚无缥缈。</p>\n\n<p>相比之下另外几位的描述就很明确！他们说的包括洗洁精、死苍蝇、死虾、臭虫、臭鸡蛋、铁锈、鱼腥、屎的味道……作为一个不吃屎的唯物主义者，我对这些味道产生了强烈的好奇！</p>\n\n<h2>香蕉和枣同时吃，究竟什么味？</h2>\n\n<p>在科学上这并不是一个严谨的问题！香蕉用什么蕉，枣用什么枣，分别吃多少？这些因素都会显著地影响它的臭度！我们先进行一个先导实验粗略地试试效果。</p>\n\n<p><strong>先导实验：</strong></p>\n\n<p>（1）刷牙3 min；</p>\n\n<p>（2）取还没熟透、吃着有点硬涩的黄色香蕉一根，红绿相间的脆冬枣一把，先吃一口香蕉，再吃一个枣，充分咀嚼混合；</p>\n\n<p>（3）迅速找到身边离你最近的人，突然对其鼻孔哈气，记录其在扇你一巴掌后说的第一句话。</p>\n\n<p>可能是我打开的方式不对……其实前几口并没有什么恶心味道，什么走马灯苏格拉底通通没看着……大概吃了一半香蕉和好几个枣的时候，才突然感觉一股味道往头顶上冲了一下。整体上有一股恶心感，细细品味，那是一种不可描述的腥味。</p>\n\n<p>趁浓郁的味道还留在嘴里，我赶紧拍了拍室友，冲他深情地哈了一口气。室友的表情先由懵逼转向愤怒，但在闻到味道后又变成了惊讶和恐慌，很快离开了寝室并表示今晚不回来睡了。</p>\n\n<h2>香蕉和枣，怎么吃才最恶心？</h2>\n\n<p><strong>1、香蕉和枣的品种对恶心口感的影响</strong></p>\n\n<p>科学研究，就是要把一个复杂的问题转化为几个简单的问题！而水果的品种无疑是这个问题的本质！我购买了软、硬香蕉以及青、红枣，排列组合然后吃吃吃！</p>\n\n<p><img src=\"https://medias.zaih.com/526eac21a8cd99121b666c185f6e_414x269.png\" alt=\"img\"></p>\n\n<p><strong>首先是熟蕉+红枣！</strong></p>\n\n<p>熟透了的香蕉香甜软糯，饱满的红枣酥松可口。把两个混在一起吃进嘴里……就……好像没吃出什么变化……只有香蕉和红枣混合的味道。</p>\n\n<p><strong>然后是生蕉+红枣！</strong></p>\n\n<p>半熟的香蕉青涩中微微带一点生硬，和红枣一起吃，就……也没什么特别的……可能和红枣就没啥关系吧……</p>\n\n<p><strong>下面是生蕉+冬枣！</strong></p>\n\n<p>冬枣甘甜脆爽，正如之前先导实验中所说，是一种不可描述的腥味恶心中又不失一种邪恶猥琐，实在是奇妙。</p>\n\n<p><strong>最后我吃了熟蕉和冬枣……</strong></p>\n\n<p>熟蕉的软甜和冬枣的脆甜在口腔中激荡融合，在咀嚼中产生令人愉悦的口感啊啊啊不对！！！等一下！！！！！！这突如其来的味道是……</p>\n\n<p>起初看到有人说“蘸了肥皂水的苍蝇味”时，我在心里已经把他嘲笑了八百遍，世界上怎么会有人知道蘸了肥皂水的苍蝇是什么味！然而在我嚼了七口左右的那个瞬间，我的心灵深处突然传来一个声音告诉我这就是蘸了肥皂水的苍蝇味，这就是刚放了个屁的放屁虫味！</p>\n\n<p>太伟大了！我尝到了！此刻的我就像是看到了薛定谔刚刚写出薛定谔方程的那只猫一样兴奋！</p>\n\n<p><strong>2、香蕉和枣的先后顺序对恶心口感的影响</strong></p>\n\n<p>在微博上看到许多网友表示吃完什么感觉也没有，怀疑自己味觉系统丧失了。经过多次系统测试，我觉得可能是吃的顺序不对！顺序主要有以下三种。</p>\n\n<p>1、先吃香蕉后吃枣；</p>\n\n<p>2、同时吃香蕉和枣；</p>\n\n<p>3、先吃枣后吃香蕉。</p>\n\n<p>AMAZING！吃完发现真的是有区别的！</p>\n\n<p>（1）香蕉和枣一起吃，咀嚼几口就会出现恶心的味道！</p>\n\n<p>（2）先吃香蕉，等香蕉咽下去一部分再吃枣的话，味道差不多！</p>\n\n<p>（3）但是先吃枣，等枣咽下去一部分再吃香蕉的话，味道就会淡很多。</p>\n\n<p>所以如果想吃得更恶心的话，一定记得先吃香蕉，嚼几口再跟着吃几口枣，以蕉为本，以枣为后。</p>\n\n<p><strong>3、香蕉和枣的配方对恶心口感的影响</strong></p>\n\n<p>下面，我们将尝试5种不同的配方，为大家优选出世间最恶心的吃法，绝对不要让懒惰限制你的创造力！</p>\n\n<p><img src=\"https://medias.zaih.com/8d7d10d4606ceaf453caf49fe26c_368x250.png\" alt=\"img\"></p>\n\n<p>终……终于都踏马吃完了……我用生命为大家测试了最佳配方……大概口感是这样</p>\n\n<p><img src=\"https://medias.zaih.com/2bda7f6ef7595de22ffca5000963_366x304.png\" alt=\"img\"></p>\n\n<p>至此，我们今天的恶心之王已经产生了！</p>\n\n<p>实验证明，<strong>当你吃的香蕉与枣的体积比在2：1左右的时候，口感可以达到了恶心的巅峰</strong>！！！恭喜你解锁了臭虫之神成就！！！</p>\n\n<p><strong>总结一下，如果你想要追求极致的体验，请按以下步骤操作：</strong></p>\n\n<p>刷牙3 min，取一只熟香蕉咬一大口，咀嚼片刻充分营造香蕉味的口腔环境，再吃半口冬枣，充分咀嚼，停下手里一切动作，用心感受。</p>\n\n<p>当然，这是人生独特的体验，最好还能与你最爱的人分享！</p>\n\n<h2>为什么会这么恶心？！</h2>\n\n<p>香蕉和枣一起吃究竟发生了什么化学反应？</p>\n\n<p>从pH的结果可以看出，枣比香蕉的酸性强得多，pH约在4左右。会不会是因为枣中的酸和香蕉中的某些东西反应，产生了臭味？我们取了几种不同的酸，加入香蕉汁中试试——</p>\n\n<p>加了酸之后，感觉激发出了更浓郁的香蕉香气，并没有闻到恶心的臭味……看来枣子中的酸并不是臭味的决定性因素呢。</p>\n\n<p>至于香蕉和别的东西一起吃会不会恶心？别的东西和枣一起吃会不会恶心？希望我的先驱性实验能启发后人开展进一步的研究！</p>\n\n<p>我国是香蕉和枣的原产国，也是世界上种植它们历史最悠久的国家之一。让我们看看香蕉和冬枣的产地——</p>\n\n<p><img src=\"https://medias.zaih.com/2c988dc4e865f918e154d56d1de7_346x283.png\" alt=\"img\"></p>\n\n<p>AMAZING！自然就是如此神奇，让这两个会毁灭人类的物种永世不得相见！</p>\n\n<blockquote>\n  <p>本文作者毕啸天，首发于微信公众号“毕导”（ID：bxt_thu），为优化阅读体验，转载时有删减。</p>\n</blockquote>\n</div>', '465651321', '13', null);
INSERT INTO `fd_headline` VALUES ('11', '为什么越无能的人，越高估自己的水平？', '傻X认识不到自己是傻X。', '<div class=\"topline-detail-content\"><p>1995年，匹兹堡青年阿威在光天化日走进两家银行实施抢劫，与一般劫匪不同，他既没有用丝袜蒙脸，也没有用头罩套头，事实上他没有做任何伪装。这让他在当天晚上便被警察抓获，一个小时后，他的形象随监控录像出现在11点的新闻中。看到画面中的自己阿威终于失控：这不可能！我脸上涂了柠檬汁啊！大家不是都说柠檬汁是隐形墨水吗？</p>\n\n<p>无论阿威对隐形墨水有什么误解，他都对此深信不疑，甚至没有在出门前照一照镜子。</p>\n\n<p>这个故事告诉我们三个道理，第一，做任何事要想成功需要脑子，第二，每个人对脑子的理解不太一样，第三，如果你恰巧没有脑子，你可能也不具备认识这一事实的能力，换句话说，傻逼意识不到自己是个傻逼。</p>\n\n<p>康奈尔大学心理学教授大卫·唐宁和他的博士生贾斯汀·克鲁格，对这种无知的自信非常感兴趣，他们做过四个实验，发现在幽默感、文字能力和逻辑能力上最欠缺的那部分人总是高估自己，当他们实际得分只有12%时，却认为自己的得分在60%以上。这一现象后来被称为“唐宁-格鲁克效应”，<strong>简称“达克效应”</strong>。</p>\n\n<p>越是无能的人，越是难以识别出别人的“真功夫”，从而越是可能高估自己的水平，所谓“不知道自己不知道”，直到真正接受相关训练，才可能“知道自己不知道”。 </p>\n\n<p><img src=\"https://medias.zaih.com/f8046a978b5339e517369fd0de3c_866x471.png\" alt=\"img\"></p>\n\n<p>别以为你不敢抢银行这事儿就跟你没关系了。</p>\n\n<p>无知的自信无所不在：在简历里填自己精通Ps、Ai、Ae、Python、3D建模，其实只抠过证件照写过“Hello world”；说自己会摄影会剪辑会弹钢琴，其实只摸过两下器材；掌握英日韩西法意十八国外语，其实每种语言都数不到十；写代码全程自信满满，越写越High，直到编译器向你报错。</p>\n\n<p><img src=\"https://medias.zaih.com/d0935ed2834e5adf7f79ddee61f4_866x682.png\" alt=\"img\"></p>\n\n<p>“吉米鸡毛秀”曾经在德州一个音乐节现场做过一个恶作剧。他们编了一个名叫Doctor Shlomo的乐队，这个名字来自一部百老汇歌剧，主角是音乐家Shlomo Carlebach。“你们觉得Doctor Shlomo怎么样？”记者问两个女孩。“是我最喜欢的乐队！”“没错，今年特别燥！”</p>\n\n<p>“他们往往对自己的回答非常自信，因为的确有一些线索——就好像的确有一些事实，有一些记忆，或者一些直觉模糊地飘过，确保他们的回答是有道理的。”唐宁写到，通过一些心理上的线索，并结合一些给定的细节，人们就可以像蜘蛛织网一样把这些游丝编织在一起。</p>\n\n<p>康奈尔大学进行过一个更严格的实验，他们询问受访者是否熟悉一些来自物理学、生物学、政治学或者地理学的技术概念。相当一部分人声称他们对真正的科学名词，如“向心力”和“光子”表示熟悉。 </p>\n\n<p>——但有趣的是，他们同样声称对一些完全编造出来的概念同样熟悉：比如“视差板”（plates of parallax），“超级脂肪”（ultra-lipid），以及“cholarine”（查无此词，词根应该是chlorine，氯）。</p>\n\n<p>在一项研究中，大约有90%的人会表示对调查所问到的9个概念中至少1个感到熟悉，但事实上9个概念均是虚构的。</p>\n\n<p>实际上，如果他们认为自己处在一个普通的谈话中，那些越是表现出“精通”的受访者，越是会宣称自己对这些虚构概念十分熟悉和了解。 </p>\n\n<p>达克效应的另一端，是“冒充者症候群”，有些人虽然又聪明能力又强，但是总觉得自己什么都不行，一切都是假装的，成功都是靠运气。</p>\n\n<p>人们对自己的认知经常出现偏差，还有一个效应叫“高于平均效应”：大家都觉得自己比周围人强，高中生普遍觉得自己比平均水平更受欢迎，每个足球运动员都觉得自己比其他队员能力强，这明显违反统计学逻辑。 </p>\n\n<p>达克效应现在已经变成很好用的网络沟通工具。比如你不小心在微博上卷入互怼事件，不用着急，只需轻轻说一句，呵，达克效应，憋到他内出血，然后拉黑他。</p>\n\n<p>专栏作家也发现这个词很好用，最近，美国网站Bloomberg View用达克效应给他们的总统定性，说他“有严重的残疾：他不仅无知，对他的无知一无所知，而且不明白到底什么才叫做知道。” </p>\n\n<p>但是，如果达克效应仅仅是变成另一个互相攻击的武器，那么人们只能在停留在愚蠢里。“判断其他人是个蠢货实在是太容易了——判断自己不是个蠢货也实在太容易了。”唐宁说，我们每个人都是自信的傻瓜。</p>\n\n<p>2000年，唐宁因为虚心提出“达克效应”，获得了——搞笑诺贝尔奖。</p>\n\n<blockquote>\n  <p>本文作者王劈柴，首发于微信公众号“果壳网”（ID：Guokr42），为优化阅读体验，转载时有删减。</p>\n</blockquote>\n</div>', '46541331', '14', null);
INSERT INTO `fd_headline` VALUES ('12', '为何公司招聘鼓励“内推”人才？', '内推过才知道，“原来同事们用的新iphone都不是买的呀。”', '<div class=\"topline-detail-content\"><p>最近是传说中“金九银十”的时间点，很多公司都开始撺掇自己的员工赶紧推荐一些靠谱的小伙伴来公司任职，还承诺只要入职就给推荐人发一些内部奖励，可能是几千块钱，甚至发一部新的iPhone。</p>\n\n<p>有个小伙伴在《职场理性派社区》里问我，说自己领了这个奖，觉得占了公司的便宜，内心有点忐忑。</p>\n\n<p>这个心态挺有意思的，我们就来分析一下公司这样做到底吃不吃亏。</p>\n\n<h2>为什么很多公司喜欢鼓励员工进行内部推荐？</h2>\n\n<p>为了鼓舞士气？为了让员工有主人翁意识？听起来都有一定道理，但最本质的原因，是因为这样做有利可图。</p>\n\n<p>企业永远是逐利的，为什么愿意搞员工激励计划发股票？仍然是因为这样能激发员工的积极性、降低离职率，最终对团队赚取更多利润是有好处的，有利可图。</p>\n\n<p>为什么员工内部推荐，即使发了高额的内部推荐奖金，公司仍然有利可图？要明白公司招聘的逻辑。</p>\n\n<p><strong>首先，区别校招和常规招聘。</strong></p>\n\n<p>公司进行招聘时，大方向可以分成两个，一个是校招，一个是常规招聘。校招一般就是招应届生，这时内部推荐会比较少。</p>\n\n<p>因为校招会批量去校园里做一些宣讲，鼓励大家入职。这时一方面人才“通货膨胀”，另一方面因为应届生有机会成本，只有应届可能有户口、三方协议，下一年就没这个机会了。</p>\n\n<p>所以应届生招聘跟常规招聘有很大区别，往往还会出现工资倒挂的情况，我们就不详细说了，因为我们要说的是内部推荐。</p>\n\n<p>为什么校招应届生容易出现工资倒挂？一是通货膨胀，二是机会成本。</p>\n\n<p><strong>其次，常规招聘的来源：简历、猎头、内推。</strong></p>\n\n<p>内部推荐更多是出现在常规招聘里，而常规招聘的三个来源中，简历的效率比较低，实际成本是 HR 的人力成本。</p>\n\n<p>有一个笑话说，“我们会先随机删除一半的简历，因为我们不希望招那些运气不好的应聘者。”这是个笑话，但也从侧面反映了HR人力成本是都浪费在这个地方了。</p>\n\n<p>猎头的效率相对高出很多，猎头为了赚更多钱，他会愿意去招高级的职位。因为一个猎头一次成功的介绍能赚多少钱，要取决于这个入职的人年薪高不高。一些高级职位的佣金是1-2个月的月薪，5-10万不等。</p>\n\n<p>所以简历一般招初级员工，HR 即使不懂也不会出大错。猎头一般招高级员工，因为是按位计费的活儿，挖初级员工提成太少了，不值得做。</p>\n\n<p><strong>内推，是兼顾了两者的优点。</strong></p>\n\n<p>内推不仅过滤了两者的缺点，并且初级高级岗位都能用。内部人推荐，相对了解背景与职位的契合度，保证了较高的通过率，同时又不用海量过滤简历，减少了 HR 工作量。</p>\n\n<p>而内推奖金是根据入职岗位来定的，一般都显著低于入职者一个月的工资，成本比猎头佣金少多了。低成本、高效率，何乐而不为？</p>\n\n<h2>内推还有 3 个隐藏好处。</h2>\n\n<p><strong>第一是变成了公司的隐性福利。</strong></p>\n\n<p>我曾就职的一家公司，天天提供免费饮料。其实我也不爱喝饮料，饮料也不贵，但是我离职的时候还是觉得有点惋惜，那种隐性福利带来的快感，的确让人有些犹豫。</p>\n\n<p>而且我在 iphone5 之后就没有再自费买过新手机了，全是内部推荐发的。比起我当时的月薪，一部新苹果手机确实不算什么，但毕竟是意外的横财，能开心好久好久。</p>\n\n<p>我一个同学有个同事，号称推荐专业户，每年拿的推荐奖金，比全年工资还要高，也是让人服气。</p>\n\n<p><strong>第二是公司的免费宣传。</strong></p>\n\n<p>就比如苹果手机，拿在手里谁都能看到，别人会问多少钱买的。你自然就会说，这是公司发的，只要推荐朋友入职就行。听到的人自然就会说，哇你们公司好棒，那你快推荐我去吧等等。</p>\n\n<p>所以这个时候等于是免费帮公司打广告，公司口碑好了，招人的成本就会有形或无形地下降，这是必然的。而且成为了最受雇员欢迎的公司之后，投资人也会开心呀。</p>\n\n<p><strong>第三是类似法律领域里的“保证人”制度。</strong></p>\n\n<h2>什么是保证人？有两种。</h2>\n\n<p>一种是我欠了你钱、你担心不还、所以我找了第三个人担保，万一我不还钱，你就找他要。</p>\n\n<p>另一种是我犯了罪要被关起来，可是罪不严重可以取保候审先放出来，警察叔叔担心我跑路所以要求有保证人对我进行担保，如果我跑了就抓这个保证人。</p>\n\n<p>内部推荐，就有点这个意味，只不过没有国家强制力罢了。</p>\n\n<p>但内部推荐成功后，你拿了别人带来的奖金，多少就在道义上要为这个人承担一些责任。同时这个人考虑到是你推荐进来了，在公司里想要浪的时候多少会有些顾忌。</p>\n\n<p>举个极端例子，你准备随便入职一家公司马上就怀孕生孩子，这时如果你是受朋友推荐而成为了朋友的同事，你好意思这样坑人么？反过来，公司管理者也乐于看到这一点，都是朋友介绍进来的，大家尽量以诚相待。这种诚信，大大降低了管理的隐性成本。</p>\n\n<p>所以想明白了这些，知道自己领内推奖并不是占公司便宜，还是公司赚的比你多，买的不如卖的精。那你还犹豫什么呢，赶紧和公司互惠共盈，和小伙伴们互相推荐起来吧。</p>\n\n<p><a href=\"http://fd.zaih.com/column/800035796764192462?utm_source=toutiao_0822\" rel=\"some text\"><img src=\"https://medias.zaih.com/39410d479afc290f1814e8112fdb_1125x375.jpeg?type=link\" alt=\"img\"></a>\n</p></div>', '3131464', '15', null);

-- ----------------------------
-- Table structure for fd_headline_read
-- ----------------------------
DROP TABLE IF EXISTS `fd_headline_read`;
CREATE TABLE `fd_headline_read` (
  `id` int(11) NOT NULL AUTO_INCREMENT,
  `headline_id` int(11) NOT NULL DEFAULT '0',
  `user_id` int(11) NOT NULL DEFAULT '0',
  PRIMARY KEY (`id`)
) ENGINE=MyISAM AUTO_INCREMENT=21 DEFAULT CHARSET=utf8;

-- ----------------------------
-- Records of fd_headline_read
-- ----------------------------
INSERT INTO `fd_headline_read` VALUES ('1', '1', '1');
INSERT INTO `fd_headline_read` VALUES ('2', '2', '1');
INSERT INTO `fd_headline_read` VALUES ('3', '3', '1');
INSERT INTO `fd_headline_read` VALUES ('4', '4', '2');
INSERT INTO `fd_headline_read` VALUES ('5', '5', '2');
INSERT INTO `fd_headline_read` VALUES ('6', '6', '2');
INSERT INTO `fd_headline_read` VALUES ('7', '7', '4');
INSERT INTO `fd_headline_read` VALUES ('8', '8', '5');
INSERT INTO `fd_headline_read` VALUES ('9', '9', '7');
INSERT INTO `fd_headline_read` VALUES ('10', '10', '9');
INSERT INTO `fd_headline_read` VALUES ('11', '1', '4');
INSERT INTO `fd_headline_read` VALUES ('12', '2', '4');
INSERT INTO `fd_headline_read` VALUES ('13', '2', '3');
INSERT INTO `fd_headline_read` VALUES ('14', '3', '2');
INSERT INTO `fd_headline_read` VALUES ('15', '4', '3');
INSERT INTO `fd_headline_read` VALUES ('16', '5', '4');
INSERT INTO `fd_headline_read` VALUES ('17', '6', '1');
INSERT INTO `fd_headline_read` VALUES ('18', '7', '1');
INSERT INTO `fd_headline_read` VALUES ('19', '12', '4');
INSERT INTO `fd_headline_read` VALUES ('20', '11', '2');

-- ----------------------------
-- Table structure for fd_quickask
-- ----------------------------
DROP TABLE IF EXISTS `fd_quickask`;
CREATE TABLE `fd_quickask` (
  `id` int(11) NOT NULL AUTO_INCREMENT,
  `quickask_cate_id` int(11) NOT NULL DEFAULT '0',
  `content` varchar(255) DEFAULT NULL,
  `user_id` int(11) NOT NULL DEFAULT '0',
  `price` int(11) NOT NULL DEFAULT '10',
  `is_anonymous` tinyint(3) NOT NULL DEFAULT '1',
  `create_time` int(11) NOT NULL DEFAULT '0',
  `duration` int(11) DEFAULT NULL,
  PRIMARY KEY (`id`)
) ENGINE=MyISAM AUTO_INCREMENT=23 DEFAULT CHARSET=utf8;

-- ----------------------------
-- Records of fd_quickask
-- ----------------------------
INSERT INTO `fd_quickask` VALUES ('1', '1', '经期前，总会提前好几天有少量的血迹，就像经期后期一样，不用卫生巾但是会弄脏内裤，请问这个是正常的吗？需要哪些检查吗？', '11', '10', '1', '1321313', null);
INSERT INTO `fd_quickask` VALUES ('2', '1', '女，55，中耳炎，症状耳朵疼，头晕不能走路，只能吃流食。8.25住院，目前耳朵不疼，稍有耳鸣。目前头晕（不能平衡，不是天旋地转），走路得慢，有时候扶墙走。请问大夫，这种情况建议重新核磁、医院检查诊断还是静养或者其他办法？', '2', '10', '1', '13213216', null);
INSERT INTO `fd_quickask` VALUES ('3', '1', '八个月宝宝腹泻十天，每天十多次，每次一丁点，绿色有奶瓣。吃喝睡精神状态一直正常。母乳加米粉喂养。\r\n大便常规及处方如图。现已服药一天。服药期间已停辅食，纯母乳。\r\n问:\r\n1.5-6白细胞是否确诊细菌感染？抗生素必须服用吗？\r\n2.双歧杆菌与抗生素服用间隔多久？\r\n3.转铁蛋白隐血阳性，何故？\r\n请给出治疗方案', '4', '10', '1', '13513151', null);
INSERT INTO `fd_quickask` VALUES ('4', '1', '今年24，女，让我最烦恼的就是脸上特别喜欢长痘长粉刺，而且一吃辣的也很容易长，经期正常，但是现在的工作就是天天晚上加班，饮食也不是很规律，但很少吃辣，痘痘分布在两边苹果肌的下面，我的脸还属于比较过敏的，不能随便用药，我现在脸上都是豆子痘印让我很自卑，求大神们给个好的治豆子豆子的方法或者药物，谢谢！', '6', '10', '1', '3131355', null);
INSERT INTO `fd_quickask` VALUES ('5', '1', '男，32，右脚脚踝疼', '9', '10', '0', '6556565', null);
INSERT INTO `fd_quickask` VALUES ('6', '1', '性别女，年龄22岁，上次月经是8.22，上次性生活是8.31号，上次性生活以后白带发黄，像有点浓稠的鼻涕，晚上内裤上像是干了的鼻涕，9.24号白带里有血丝，但是并没有来月经的迹象，断断续续的到今天，一直是白带里有血丝，我的月经一向也不太准时，因为这几天工作日暂时还没办法去医院检查，所以特来咨询医生。', '10', '10', '1', '31311561', null);
INSERT INTO `fd_quickask` VALUES ('7', '1', '我上个月去检查肝功能上面说转氨酶高49.7   还有其他肝功能指标都高我要怎么样控制饮食', '12', '10', '1', '3151561', null);
INSERT INTO `fd_quickask` VALUES ('8', '2', '为什么他拒绝也不能直接说不呢？不回复，没有回应，这种感觉真的很难受很难受。明知道会拒绝，我还是大胆说了出来，可对方没有回应真的好难过，最近做什么都没有心情，我也很讨厌这样的自己。', '15', '10', '1', '31156161', null);
INSERT INTO `fd_quickask` VALUES ('9', '2', '我同性跟我表白，说喜欢我并且说要跟我亲亲和舌吻被我拒绝了，我说我只对男的感兴趣，她问我介不介意我的朋友是双性恋，我说不介意，但是我接受不了同性恋，她是我工作上的师傅，她不理我了怎么办，看她下午一直不开心', '16', '10', '1', '151616556', null);
INSERT INTO `fd_quickask` VALUES ('10', '2', '我和两个闺蜜都有超过二十年的交情 我家是非常非常草根阶层的家庭 我没学历没智慧 可是由于婚后我家先生发展的比较好 社会阶层发生了较大的改变 在我们居住的城市 我们属于上层社会 所以我总觉得这两个闺蜜和我的关系发生了转变 其中一个挖空心思赚我的钱 后来被我感觉到 心里觉得挺不舒服 另一个在我和她倾诉心声的时候 我不开心 她可以笑出声来 我高兴的时候 她却闷闷不乐 请问各位老师 是不是社会阶层发生变化的闺蜜 无法再像以前一样 成为无话不谈的好朋友', '18', '10', '1', '6156151', null);
INSERT INTO `fd_quickask` VALUES ('11', '2', '男朋友，之前做装修的，月入过万多吧，家庭背景会比我好些挺合适，目前是想玩就去理发店上班，头发染颜色，穿着很潮，会去酒吧那种地方，身边的朋友也有点点不务正业。目前刚跟他在一起，他说有了我之后会努力，愿意再去做装修踏踏实实做事。而我是做电商运营那种一直很上进从不去酒吧那种场所独立的女生，之前就觉得跟他不是一个世界的人，不知道这次怎么就在一起了，不知道该相信他以后会重新做人好好挣钱，还是放弃继续跟他在一起', '19', '10', '1', '1561561', null);
INSERT INTO `fd_quickask` VALUES ('12', '2', '大家好，我今年27岁了，我老婆也27岁，事情发生在半个月前，有一次晚上两个人拌嘴 我当时拿了一个抽纸盒子扔了它一下，一下把她砸破了，事后我也道歉了两个人也说好了以后不吵架了 好好过日子了，过两三天的时候他回娘家她家人知道我扔他然后就来我家闹事，最后我老婆硬要和我离婚，我说你什么都听父母的都没事这个是离婚大事也听你父母的吗？她说她父母养她这么大不容易，不离婚就等于背叛她父母，我期间找到了我老婆和他聊 他也不想离婚她父母一直逼她骂它，我该怎么办？', '21', '10', '1', '5615', null);
INSERT INTO `fd_quickask` VALUES ('13', '2', '不知道为何生孩子以后对他特别依赖，偏他也很忙，加班应酬各种事情，我就火很大，婆婆不在，他还稍微收敛点脾气，在的话更加不管家里，一发脾气就三四天不回家，听他说只是每天会门外回来听听家里的情况。以前我没有那么依赖他，在不在晚回来都还好，也不吵架。现在只要听到他加班应酬就火大。不知道怎么回事？而且，他还会欺骗加班，其实在玩。他说以前两个人很好，自由，现在有个拖油瓶。可是我觉得还好啊。有些女人丈夫这样过得还好，我是出了什么问题呢？请大家帮忙多多提点。', '22', '10', '1', '51561', null);
INSERT INTO `fd_quickask` VALUES ('14', '3', '我去年年底我的户头给前婆婆抵了房子，并有两套安置房，当初因为无法公正所以写了一个赠予协议给他们，今年二月因为他出轨我选择离婚了，房子写给了儿子儿子跟着我女儿跟着他，现在他说要等儿子十八岁才把房子给儿子，儿子才五岁，明年交房了，如果他们不给我我就要一直租房子，我也不把他们的给他们，这份赠予协议有法律效应吗？离婚协议上写了房子给儿子，如果不拿我可以起诉他吗？如果不交房过渡费我应该领吗？', '27', '10', '1', '156151', null);
INSERT INTO `fd_quickask` VALUES ('15', '3', '公司拖欠承诺的五险一金，6个多月没发，9月15号应该发的8月基本工资和绩效都没发，7月的绩效也没发。我们在北京入职上班，但当初签合同签的是秦皇岛的合同(北京办公室一直没营业执照)。当初签的合同是每月休息8天 不走国家法定节假日。但休息超过4天就会挨骂。现在老板要把公司解散，但工资我们应该怎么要？他说跟我签的是地方合同，他当地有人有势，在当地告死你们。我们不知道现在该怎么办？', '28', '10', '1', '3151313', null);
INSERT INTO `fd_quickask` VALUES ('16', '3', '我父母08年协议离婚、协议离婚时房子归女方所有，我跟母亲，房子过到了我的名下，去年我把房子卖了，交易完成后买家给我打电话说户上有三个人没迁走，我去查才知道离婚后父亲没有把户口迁走仍是户主并在去年5月份迁进了同父异母的哥哥及侄女，多次与父亲协商无果，买家把我告上法庭、法庭调解时我带父亲去的，庭上爽快答应半个月内迁出，法官给了一个月时间、快到月末了，他反悔了，我一再打电话劝说不好使，还叫我别管了！我该怎么办这件事？', '29', '10', '1', '15131', null);
INSERT INTO `fd_quickask` VALUES ('17', '3', '1丶经纪人代理作者版权合同之中，除了约定各方义务及分成外，是否还要补充一个税费问题？即约定按分成百分比各自纳税？\r\n2、现在国家对于作者的税收除了个税以外，还有什么税么？以前网站统代收了11.2%，我还没自己处理过税收问题，网站也没有给我们单据。我跟同行都有纳税，但是，我们没有凭证。假如哪一天，税务部门，查到岂不是很不利？请指点方法。注册一个个体户是否会税收减免些？', '3', '10', '1', '31311331', null);
INSERT INTO `fd_quickask` VALUES ('18', '3', '老公几年前出轨妻子找了三，他一直怀恨在心，去年他肺癌术后有抑郁倾向，又不去看医生，现在闹要离婚，他起诉，我怎么应对，不想离，并想让他接受心理医生咨询，有什么办法？怎么在法庭上取胜！！', '6', '10', '1', '6111651', null);
INSERT INTO `fd_quickask` VALUES ('19', '4', '男宝五天黄疸没吃药一周后复查有下降面胸都19了，医生开药吃了茵枝黄四天就停药了，一周后再去已经11了，之后也没有吃药，过了一周再去面12胸13但是手有下降从6降到了3，问还有必要吃药吗？关键是孩子吃了药就哭闹不舒服', '7', '10', '1', '3151131', null);
INSERT INTO `fd_quickask` VALUES ('20', '4', '我的宝宝十个月了，这个月十三号就要满11个月了。可是他一直很瘦，到现在才15.2到15.6斤。吃奶粉都是玩一下吃一下，吃迷糊吃粥也就是吃几口就不想吃了。要出去玩或者要人抱着玩。\r\n身体瘦瘦的，但是力气不小，会扶着东西站起来，会爬，精神状态也很好。就是不知道为什么这么瘦。去医院检查，骨密度正常，测了微量元素。就是缺一点点辛，其他都正常。要怎么办才好呢？', '8', '10', '1', '31515151', null);
INSERT INTO `fd_quickask` VALUES ('21', '4', '5周不到，中班，最近发现做事情很不认真，总是有很多的小动作，耐心也不够，比如老师教的一段舞蹈，教她的时候就是不好好看，要么说话要么小动作，专注力特别不够，这方面应该如何去改善呢', '9', '10', '1', '1156161', null);
INSERT INTO `fd_quickask` VALUES ('22', '4', '宝宝九个月了，最近一直眼睛周围出这种红点点，有时候睡到第二天会淡了，有时候又多了，反复好多天了，最后一张照片是腿上出得，像泡泡一样，但是很硬，怎么回事，该抹点什么药吗？', '10', '10', '1', '315616161', null);

-- ----------------------------
-- Table structure for fd_quickask_answer
-- ----------------------------
DROP TABLE IF EXISTS `fd_quickask_answer`;
CREATE TABLE `fd_quickask_answer` (
  `id` int(11) NOT NULL AUTO_INCREMENT,
  `content` varchar(255) DEFAULT NULL,
  `quickask_id` int(11) NOT NULL DEFAULT '0',
  `vip_id` int(11) NOT NULL DEFAULT '0',
  `is_select` tinyint(3) NOT NULL DEFAULT '0',
  `create_time` int(11) NOT NULL DEFAULT '0',
  `listen_num` int(11) NOT NULL DEFAULT '0',
  `like_num` int(11) NOT NULL DEFAULT '0',
  `status` tinyint(3) NOT NULL DEFAULT '1',
  PRIMARY KEY (`id`)
) ENGINE=MyISAM AUTO_INCREMENT=24 DEFAULT CHARSET=utf8;

-- ----------------------------
-- Records of fd_quickask_answer
-- ----------------------------
INSERT INTO `fd_quickask_answer` VALUES ('1', null, '1', '1', '0', '12313', '0', '0', '1');
INSERT INTO `fd_quickask_answer` VALUES ('2', null, '1', '2', '0', '1311315', '0', '0', '1');
INSERT INTO `fd_quickask_answer` VALUES ('3', null, '2', '1', '0', '131331', '0', '0', '1');
INSERT INTO `fd_quickask_answer` VALUES ('4', null, '2', '2', '0', '1313151', '0', '0', '1');
INSERT INTO `fd_quickask_answer` VALUES ('5', null, '2', '3', '0', '151616', '0', '0', '1');
INSERT INTO `fd_quickask_answer` VALUES ('6', null, '10', '4', '0', '1513153', '0', '0', '1');
INSERT INTO `fd_quickask_answer` VALUES ('7', null, '10', '5', '0', '31351153', '0', '0', '1');
INSERT INTO `fd_quickask_answer` VALUES ('8', null, '10', '6', '0', '313561', '0', '0', '1');
INSERT INTO `fd_quickask_answer` VALUES ('9', null, '11', '7', '0', '6156161', '0', '0', '1');
INSERT INTO `fd_quickask_answer` VALUES ('10', null, '11', '8', '0', '31313', '0', '0', '1');
INSERT INTO `fd_quickask_answer` VALUES ('11', null, '15', '9', '0', '313131', '0', '0', '1');
INSERT INTO `fd_quickask_answer` VALUES ('12', null, '15', '10', '0', '131311', '0', '0', '1');
INSERT INTO `fd_quickask_answer` VALUES ('13', null, '16', '11', '0', '31313131', '0', '0', '1');
INSERT INTO `fd_quickask_answer` VALUES ('14', null, '17', '12', '0', '3131133', '0', '0', '1');
INSERT INTO `fd_quickask_answer` VALUES ('15', null, '20', '13', '0', '3131313', '0', '0', '1');
INSERT INTO `fd_quickask_answer` VALUES ('16', null, '20', '14', '0', '31313113', '0', '0', '1');
INSERT INTO `fd_quickask_answer` VALUES ('17', null, '21', '15', '0', '3131311', '0', '0', '1');
INSERT INTO `fd_quickask_answer` VALUES ('18', null, '21', '16', '0', '3131313', '0', '0', '1');
INSERT INTO `fd_quickask_answer` VALUES ('19', null, '22', '17', '0', '3132121', '0', '0', '1');
INSERT INTO `fd_quickask_answer` VALUES ('20', null, '8', '18', '0', '311232', '0', '0', '1');
INSERT INTO `fd_quickask_answer` VALUES ('21', null, '8', '19', '0', '31131', '0', '0', '1');
INSERT INTO `fd_quickask_answer` VALUES ('22', null, '9', '1', '0', '311313', '0', '0', '1');
INSERT INTO `fd_quickask_answer` VALUES ('23', null, '12', '2', '0', '3122131', '0', '0', '1');

-- ----------------------------
-- Table structure for fd_quickask_cate
-- ----------------------------
DROP TABLE IF EXISTS `fd_quickask_cate`;
CREATE TABLE `fd_quickask_cate` (
  `id` int(11) NOT NULL AUTO_INCREMENT,
  `cate_name` varchar(255) DEFAULT NULL,
  `point` varchar(255) DEFAULT NULL,
  `cate_img` varchar(255) DEFAULT NULL,
  `status` tinyint(3) NOT NULL DEFAULT '1',
  PRIMARY KEY (`id`)
) ENGINE=MyISAM AUTO_INCREMENT=6 DEFAULT CHARSET=utf8;

-- ----------------------------
-- Records of fd_quickask_cate
-- ----------------------------
INSERT INTO `fd_quickask_cate` VALUES ('1', '身体小毛病，快速问医生', '专业 及时解答', null, '1');
INSERT INTO `fd_quickask_cate` VALUES ('2', '情感小烦恼，专家来开导', '私密 多角度', null, '1');
INSERT INTO `fd_quickask_cate` VALUES ('3', '大小纠纷事，律师评评理', '专业律师 快速响应', null, '1');
INSERT INTO `fd_quickask_cate` VALUES ('4', '育儿经验谈，达人来支招', '达人指路 少走弯路', null, '1');

-- ----------------------------
-- Table structure for fd_reply
-- ----------------------------
DROP TABLE IF EXISTS `fd_reply`;
CREATE TABLE `fd_reply` (
  `id` int(11) NOT NULL AUTO_INCREMENT,
  `user_id` int(11) NOT NULL DEFAULT '0',
  `comment_id` int(11) NOT NULL DEFAULT '0',
  `content` text,
  `parent_id` int(11) NOT NULL DEFAULT '0',
  `status` tinyint(3) NOT NULL DEFAULT '1',
  PRIMARY KEY (`id`)
) ENGINE=MyISAM AUTO_INCREMENT=64 DEFAULT CHARSET=utf8;

-- ----------------------------
-- Records of fd_reply
-- ----------------------------
INSERT INTO `fd_reply` VALUES ('1', '19', '2', '老师，想请教下，考研类专业课书籍如何学习，因为有些东西需要背诵，然后书籍比较教科书，请教这类书的学习方法，感谢。', '0', '1');
INSERT INTO `fd_reply` VALUES ('2', '18', '2', '老师，我也想请教关于专业书籍阅读的问题，谢谢！', '0', '1');
INSERT INTO `fd_reply` VALUES ('3', '1', '2', '也欢迎大家关注我的微信公众号「章鱼读书」，我会经常分享自己的读书方法、读书笔记和精选书单。', '0', '1');
INSERT INTO `fd_reply` VALUES ('4', '17', '2', '陈老师的本次小讲干货十足，针对现在人们功利阅读而引起的三个误区，提出了每个误区的药方。感触比较深的是仙丹试阅读和集邮试阅读。\r\n仙丹试阅读是因为自身焦虑而制定的不切实际的学习目的，从而导致过早放弃。这里的药方就是找到自己的问题，从自身身份出发，来确定读书方向。\r\n像我是UI设计的职业，孩子的母亲，因此会对艺术、人机交互、儿童教育、理财等方面的知识有需求。\r\n集邮试阅读目前正式我进入的一个误区，给自己计划了一年要读几十本书，为了完成计划，而囫囵吞枣一遍，到头来什么也没有记住。\r\n我个人觉得对对付这种误区，最紧要要做计划，定出每个阶段通过读书要达到自身状态都某种变化，真是应用到自己的生活中。', '0', '1');
INSERT INTO `fd_reply` VALUES ('5', '1', '2', '对于应试类的学习，我的建议是一方面紧紧抓住真题，一方面充分了解自己当前的能力，然后最经济地去查漏补缺。', '19', '1');
INSERT INTO `fd_reply` VALUES ('6', '19', '2', '谢谢老师', '1', '1');
INSERT INTO `fd_reply` VALUES ('7', '19', '5', '老师，想请教下，考研类专业课书籍如何学习，因为有些东西需要背诵，然后书籍比较教科书，请教这类书的学习方法，感谢。', '0', '1');
INSERT INTO `fd_reply` VALUES ('8', '18', '5', '老师，我也想请教关于专业书籍阅读的问题，谢谢！', '0', '1');
INSERT INTO `fd_reply` VALUES ('9', '1', '5', '也欢迎大家关注我的微信公众号「章鱼读书」，我会经常分享自己的读书方法、读书笔记和精选书单。', '0', '1');
INSERT INTO `fd_reply` VALUES ('10', '17', '5', '陈老师的本次小讲干货十足，针对现在人们功利阅读而引起的三个误区，提出了每个误区的药方。感触比较深的是仙丹试阅读和集邮试阅读。\r\n仙丹试阅读是因为自身焦虑而制定的不切实际的学习目的，从而导致过早放弃。这里的药方就是找到自己的问题，从自身身份出发，来确定读书方向。\r\n像我是UI设计的职业，孩子的母亲，因此会对艺术、人机交互、儿童教育、理财等方面的知识有需求。\r\n集邮试阅读目前正式我进入的一个误区，给自己计划了一年要读几十本书，为了完成计划，而囫囵吞枣一遍，到头来什么也没有记住。\r\n我个人觉得对对付这种误区，最紧要要做计划，定出每个阶段通过读书要达到自身状态都某种变化，真是应用到自己的生活中。', '0', '1');
INSERT INTO `fd_reply` VALUES ('11', '1', '5', '对于应试类的学习，我的建议是一方面紧紧抓住真题，一方面充分了解自己当前的能力，然后最经济地去查漏补缺。', '19', '1');
INSERT INTO `fd_reply` VALUES ('12', '19', '5', '谢谢老师', '1', '1');
INSERT INTO `fd_reply` VALUES ('13', '16', '11', '网络课程哪里可以报名？', '16', '1');
INSERT INTO `fd_reply` VALUES ('14', '4', '11', '可以关注公众号：文魁大脑', '4', '1');
INSERT INTO `fd_reply` VALUES ('15', '5', '13', '真心点赞，哈哈，看到对您有用，感觉好开心。', '0', '1');
INSERT INTO `fd_reply` VALUES ('16', '24', '13', '现在阅读起来也比以前开心，心里有那么一点觉得读书好像不是什么洪水猛兽，不是那么痛苦的事情了。而且理解起来也不会困难因为我听你的话找的都是很简单的励志类心理啊等简单的来读。', '5', '1');
INSERT INTO `fd_reply` VALUES ('17', '5', '13', '不错，赞，逐渐要升级哦，突破舒适区才能精进。', '24', '1');
INSERT INTO `fd_reply` VALUES ('18', '24', '13', '我有一个小故事想和你分享，几天前我认识的一个新词（独立完整的自尊体系）不过对于博览群书的你来说应该不算新词，巧的是今天上楼梯晒衣裤踩到一条裤子的裤腿，我妈看见了臭骂几句，以前或许我会顶回去但现在我没那么做因为独立完整的自尊体系派上用场了，我放好其他衣裤洗了踩到的那条然后全部一起晒了。（加戏:做完这些我对妈说:你真无聊不就是不小心踩到了嘛我洗一下就好了犯得着让自己生气骂我嘛）', '5', '1');
INSERT INTO `fd_reply` VALUES ('19', '6', '16', '好好学习应该没有签名版了。。', '15', '1');
INSERT INTO `fd_reply` VALUES ('20', '15', '16', '成甲哥哥 我也想要你的签名。。', '6', '1');
INSERT INTO `fd_reply` VALUES ('21', '6', '16', '成甲哥哥 我也想要你的签名。。', '15', '1');
INSERT INTO `fd_reply` VALUES ('22', '15', '16', 'l', '6', '1');
INSERT INTO `fd_reply` VALUES ('23', '8', '19', '受教！', '0', '1');
INSERT INTO `fd_reply` VALUES ('24', '9', '19', '左右脑同时开发，受教了', '0', '1');
INSERT INTO `fd_reply` VALUES ('25', '7', '20', '体力不好。锻炼去吧', '0', '1');
INSERT INTO `fd_reply` VALUES ('26', '7', '21', '很不错', '0', '1');
INSERT INTO `fd_reply` VALUES ('27', '30', '22', '第一天练习，我只能数到30个枣。', '0', '1');
INSERT INTO `fd_reply` VALUES ('28', '29', '22', '声音发抖是紧张原因导致还是其它？', '0', '1');
INSERT INTO `fd_reply` VALUES ('29', '9', '26', '1、离成功很近了一步。但依然要保持平常心。关注准备工作而非结果。既然上次问过hr，不妨再联系对方，问需要有什么准备以及注意的，在终试之前把hr变成你的帮手。2、对方不和你谈薪资不用主动问。等对方意向明确后再谈。3、如果对方愿意表达，就向他多请教下未来行业的趋势，：）', '0', '1');
INSERT INTO `fd_reply` VALUES ('30', '9', '27', '我建议直言相告，也听听他的建议，或许有你想不到的信息。', '23', '1');
INSERT INTO `fd_reply` VALUES ('31', '23', '27', '谢谢老师，能否再追问您一下。之前有问过要带我走的高层要是别人问及跳去哪儿了？可以说“不方便回答”。那面对直属领导问及的时候，是否也这么回复，还是向您说的如实说，又或者编个理由呢？', '9', '1');
INSERT INTO `fd_reply` VALUES ('32', '10', '28', '我相信，我们很多的知识产品「买买买」，实际上都是焦虑使然，实际上就是信息松鼠病，甚至会激发我们的懒癌。\r\n\r\n只有我们真正能将这个小讲中「简单」的方法坚持做，重复做，简单做，落实到行动的改变，我觉得彼此的时间和金钱花费才是有意义的。\r\n\r\n知识本身不是力量，在做事中学知识并将自己内化的知识运用起来，用起来的知识，才是有力量的。\r\n\r\n所以，这个小讲有什么不同？凡是购买此小讲的朋友，加我个人微信「Howie_Serious」，然后发送小讲购买截图，我会拉一个微信群「小能熊番茄小队」，一起打卡！会有小助手监督！持续3天不打卡，提醒后不改正会被踢出，只有交总结报告才能回归。\r\n\r\n期待各位的加入~', '4', '1');
INSERT INTO `fd_reply` VALUES ('33', '4', '28', '.', '10', '1');
INSERT INTO `fd_reply` VALUES ('34', '10', '29', '我也是在带娃是更好地反观自己与时间的关系。上帝创造的都是好的，别让孩子在我们手里失去了专注、耐心、对知识的好奇。一起好好陪伴孩子成长，用自己的成长来做示范，因为行动才有说服力。共勉', '8', '1');
INSERT INTO `fd_reply` VALUES ('35', '8', '29', '是的，孩子天生具有专注力，他们的好奇心和成就感也需要家长去呵护和呼应。设定番茄，让亲子活动也体味一种无杂念的沉浸，高质量的陪伴大致如此吧', '10', '1');
INSERT INTO `fd_reply` VALUES ('36', '12', '35', '感谢你订阅我的小讲。\r\n\r\n希望它可以帮你更好的打理财富，过上有钱有闲的生活。有任何问题，也欢迎给我留言。学习愉快，加油', '0', '1');
INSERT INTO `fd_reply` VALUES ('37', '12', '36', '感谢你订阅我的小讲。\r\n\r\n希望这个系列小讲能帮你更科学，更合理地打理自己的财富。有任何问题，欢迎向我提问。加油～', '0', '1');
INSERT INTO `fd_reply` VALUES ('38', '1', '46', '公子，沪深300和中证500有好多家公司都有，具体也可以通过基金比较或者筛选器来选择吗？', '1', '1');
INSERT INTO `fd_reply` VALUES ('39', '16', '46', '是的啊，筛选器就是帮助你在同类型基金中找到合适的。', '16', '1');
INSERT INTO `fd_reply` VALUES ('40', '16', '47', '这个交易基金的过程中，你犯了几个错误：第一受朋友推荐而买基金，但自己没有了解过基金本身，这会导致你不能判断出自己投资的风险；第二在股市大热的时候进场，任何基金都是昂贵的，也就是说无论你怎么买都买贵了，那么未来亏损的概率就大；第三选择一次性投入，就导致没有后续资金帮你拉低成本。你现在要做的事情是把这三个错误纠正过来。', '0', '1');
INSERT INTO `fd_reply` VALUES ('41', '16', '47', '沪深300和中证500早目前来看，坚持定投是最合适的方式，尤其是大盘估值并不好，用定投的方式将你的亏损进一步减少。', '0', '1');
INSERT INTO `fd_reply` VALUES ('42', '16', '48', '第一，你吧基金跟银行理财比不合适，这根本是两码事，长期看，基金的盈利面要比银行理财高很多。第二，收割盈利是自己的决定，比如你胆子小，也不会估值，也不知道如何判断大趋势，那么有20%的盈利觉得落袋为安为好，那就赎回盈利的部分，定投继续。但如果你懂得做投资的大趋势，就是在股市牛市跑起来的时候再去赎回，那么盈利肯定要比这个20%高很多，但与此同时，这个过程会有很多波动和回调，这需要有强大的内心支撑。所以，高回报都要付出一个长期坚持的代价的。', '2', '1');
INSERT INTO `fd_reply` VALUES ('43', '2', '48', '请问，基金定投需要对该只基金重仓股票研究到什么程度呢？假如说必须要深入研究，那我岂不是还不如直接买股票。', '16', '1');
INSERT INTO `fd_reply` VALUES ('44', '17', '49', '每天都想吃甜品，完全抑制不住呀，咋办', '3', '1');
INSERT INTO `fd_reply` VALUES ('45', '3', '49', '虽然说身体有积累脂肪的趋势，可是我每天摄入的能量不是应该刚好只够我每日的消耗吗？还是说，我只是以为自己没多吃。。。。。', '17', '1');
INSERT INTO `fd_reply` VALUES ('46', '17', '50', '这个问题我在分答里回答好几遍啦哈哈！每个人都有发表自己看法的权利，百家争鸣是好事，但前提是我们能区分书中的证据是否靠谱valid。谷物大脑里的有趣观点再独特，也只是一家之言，某个个体科学家的看法，它还不够资格、不配上升到标准指南级别指导普罗大众。有趣的角度真的挺好，但恐怕也只不过是个角度而已。指南级别才是很多很多的科学家共同研究讨论决定的，营养师或者医师的个人经验个人观点，和集思广益相比，又何足挂齿呢^_^', '0', '1');
INSERT INTO `fd_reply` VALUES ('47', '4', '50', '不吃主食，人类社会没有那么多的资源被分配。主食满足了人类所需能量消耗，也在一定程度上平衡和其它稀缺资源冲突。', '0', '1');
INSERT INTO `fd_reply` VALUES ('48', '17', '51', '第一，考虑代替，比如用水果代替果味甜点，用稠酸奶或者冻酸奶代替奶味甜点等等；第二，如果实在忍不住了，就吃吧！但每次支持一小份，好好品味美味，配上一杯茶/咖啡，慢慢吃一块，会比狼吞虎咽更容易停下来。第三，跟朋友分享吧！大家一起吃，卡路里一起分担，脂肪更淡了，友谊却更浓了呢！^_^', '0', '1');
INSERT INTO `fd_reply` VALUES ('49', '5', '51', '主要还是靠不吃', '0', '1');
INSERT INTO `fd_reply` VALUES ('50', '6', '51', '卡路里一起分担真的好吗哈哈哈', '0', '1');
INSERT INTO `fd_reply` VALUES ('51', '17', '52', '每天都想吃甜品，完全抑制不住呀，咋办', '0', '1');
INSERT INTO `fd_reply` VALUES ('52', '3', '52', '虽然说身体有积累脂肪的趋势，可是我每天摄入的能量不是应该刚好只够我每日的消耗吗？还是说，我只是以为自己没多吃。。。。。', '0', '1');
INSERT INTO `fd_reply` VALUES ('53', '17', '53', '这个问题我在分答里回答好几遍啦哈哈！每个人都有发表自己看法的权利，百家争鸣是好事，但前提是我们能区分书中的证据是否靠谱valid。谷物大脑里的有趣观点再独特，也只是一家之言，某个个体科学家的看法，它还不够资格、不配上升到标准指南级别指导普罗大众。有趣的角度真的挺好，但恐怕也只不过是个角度而已。指南级别才是很多很多的科学家共同研究讨论决定的，营养师或者医师的个人经验个人观点，和集思广益相比，又何足挂齿呢^_^', '0', '1');
INSERT INTO `fd_reply` VALUES ('54', '4', '53', '不吃主食，人类社会没有那么多的资源被分配。主食满足了人类所需能量消耗，也在一定程度上平衡和其它稀缺资源冲突。', '0', '1');
INSERT INTO `fd_reply` VALUES ('55', '17', '54', '第一，考虑代替，比如用水果代替果味甜点，用稠酸奶或者冻酸奶代替奶味甜点等等；第二，如果实在忍不住了，就吃吧！但每次支持一小份，好好品味美味，配上一杯茶/咖啡，慢慢吃一块，会比狼吞虎咽更容易停下来。第三，跟朋友分享吧！大家一起吃，卡路里一起分担，脂肪更淡了，友谊却更浓了呢！^_^', '0', '1');
INSERT INTO `fd_reply` VALUES ('56', '5', '54', '主要还是靠不吃', '0', '1');
INSERT INTO `fd_reply` VALUES ('57', '6', '54', '卡路里一起分担真的好吗哈哈哈', '0', '1');
INSERT INTO `fd_reply` VALUES ('58', '7', '56', '同问', '0', '1');
INSERT INTO `fd_reply` VALUES ('59', '8', '56', '什么是自由？你的心属于自己，世界上没有任何东西能控制你时，才叫自由。注意，这个自由，不是金钱的自由，也不是规则给你的自由。规则永远不可能让你自由。因为，人的欲望永无止境。你会随着自己的欲望，追求不同的游戏规则，永远都没有尽头。', '0', '1');
INSERT INTO `fd_reply` VALUES ('60', '22', '57', '讨好者是不是帮别人做了事情才开心，拒绝别人就难受', '0', '1');
INSERT INTO `fd_reply` VALUES ('61', '22', '57', '处处照顾别人的感受，思想不独立', '0', '1');
INSERT INTO `fd_reply` VALUES ('62', '9', '59', '对', '0', '1');
INSERT INTO `fd_reply` VALUES ('63', '10', '62', '虽然是小小的女听众，我说说我的看法吧。安全感是个很玄乎的东西，就像老师说的自由一样，每个人的定义都不一样。可能是你陪她的时间少，让她没有安全感，也可能是你经济基础不够扎实让她没有安全感，也可能你的某些性格让她没办法完全信任你等等，你如果真想满足她要的安全感，你得问你女朋友，把安全感这个需求具体化，你才可能考虑能不能满足她。如果她自己都不能具体的表达出来，那你是很难满足的，不过有足够耐心也可以做到诱导她去想清楚，去表达需求的，个人拙见，祝好啦～', '0', '1');

-- ----------------------------
-- Table structure for fd_smalltalk
-- ----------------------------
DROP TABLE IF EXISTS `fd_smalltalk`;
CREATE TABLE `fd_smalltalk` (
  `id` int(11) NOT NULL AUTO_INCREMENT,
  `smalltalk_cate_id` int(11) NOT NULL DEFAULT '0',
  `title` varchar(255) DEFAULT NULL,
  `vip_id` int(11) NOT NULL DEFAULT '0',
  `smalltalk_img` varchar(255) DEFAULT NULL,
  `duration` int(11) NOT NULL DEFAULT '1',
  `price` int(11) NOT NULL DEFAULT '10',
  `summary` text,
  `special_id` int(11) NOT NULL DEFAULT '0',
  `status` tinyint(3) NOT NULL DEFAULT '1',
  `join_num` int(11) NOT NULL DEFAULT '0',
  `create_time` int(11) NOT NULL DEFAULT '0',
  PRIMARY KEY (`id`)
) ENGINE=MyISAM AUTO_INCREMENT=37 DEFAULT CHARSET=utf8;

-- ----------------------------
-- Records of fd_smalltalk
-- ----------------------------
INSERT INTO `fd_smalltalk` VALUES ('1', '1', '4步练出好声音', '1', 'https://medias.zaih.com/FlIrAuXhtD2QB80K8-fGsPXwjvbG?https://medias.zaih.com/60cf7edfd4fdf18a95fae15af097_558x558.jpg', '1', '29', '<div id=\"description\" class=\"description-html\" data-reactid=\".0.2.0.1.0.1\"><p>一见到陌生人就会感觉到“社交恐惧”？很想和偶然见到的业内大咖建立起联系，却不知道怎么开口？通过简短的聊天和采访，我曾套路过陈伟霆内心的秘密，把桂纶镁成功圈粉，跟张静初互换过悄悄话，现在为你总结了聊天的5个关键要点，让你也能轻松和人建立起良好关系。<br>\n<br>\n我是曲玮玮，一个自媒体人，经营着一个中国五百强微信同名帐号，在一年多的时间当中俘获近两百万公号粉丝。同时，我也是一名记者，无论是业内大佬，还是商业精英，甚至是街边的陌生人，我都能和他们相谈甚欢。今天，我将一个新闻系自媒体人的“会聊经验”浓缩成40分钟的小讲，和你一起分享我聊天的乐趣。</p>\n\n<h3>听完之后你将了解：</h3>\n\n<ul>\n<li>破冰：初次见面，如何快速拉近距离？</li>\n<li>提问：怎么样提问题才不会引起反感？</li>\n<li>聆听：有效提升沟通效果的2个关键点；</li>\n<li>技巧：3招让你在聊天过程中更受欢迎；</li>\n<li>禁区：交流过程中需要避免的3个问题。</li>\n</ul>\n\n<h3>谁需要这个小讲：</h3>\n\n<ul>\n<li>和陌生人沟通困难的人；</li>\n<li>感觉自己有“语言社交恐惧”的人；</li>\n<li>脸皮薄，面对生人难开口的人；</li>\n<li>工作有沟通表达需要的人。</li>\n</ul>\n\n<p><br>现在购买，还可以通过小讲圈与我互动，我会定期回答小讲圈的优质问题，与你分享更多独家经验。</p>\n</div>', '1', '1', '0', '0');
INSERT INTO `fd_smalltalk` VALUES ('2', '1', '破除3大误区，一招提升读书动力', '2', 'https://medias.zaih.com/f793e81de0bac30e8f38b25b259c_558x558.jpg?imageView2/1/w/100', '17', '4', '<div id=\"description\" class=\"description-html\" data-reactid=\".0.2.0.1.0.1\"><p>每月的工资总是不够花，你是否想摆脱月光族的生活？除了存余额宝，你是否知道收益更高的理财方式？收入总是支付不起梦想，你是否希望未来能自由掌控金钱？理财投资不是有钱人的专属，而是人人都应该掌握的技能，我将从日常开支入手，用4个财富水池对资金进行合理分类，为你制定专属的理财方案。<br>\n <br>\n我是简七，「简七理财」创始人，中信出版社签约作者，网易云课堂理财明星讲师，蚂蚁聚宝特聘理财有财教练。从西南财经大学财政专业毕业后，先后担任过德勤会计师事务所审计、税务咨询顾问及外企500强企业税务经理，并且凭借自己的专业知识和投资实践成为理财达人，30岁前就实现了财富自由。2013年，创立「简七理财」，致力于将纷繁复杂的理财投资知识变得简单易学，让每个普通人都能轻松上手提升收益。现已向近百万人普及了科学的理财观念和方法，旗下电台收听量、电子书下载量均超过百万，微信理财文章累计阅读量超过三千万。<br></p>\n\n<h3>听完这次小讲，你将了解：</h3>\n\n<ul>\n<li>时间：复利效应，越早开始盈利越多；</li>\n<li>工具：4个财富水池，科学管理财富；</li>\n<li>要素：投资的收益率、风险和流动性；</li>\n<li>实践：5步梳理，实现每一个小目标。</li>\n</ul>\n\n<h3>谁需要这次小讲：</h3>\n\n<ul>\n<li>对投资理财零基础的小白；</li>\n<li>学习了很多理财知识，但不会实践操作的人；</li>\n<li>想用投资理财实现财富升值的人。</li>\n</ul>\n\n<p><br>现在购买，还可以通过小讲圈与我互动，我会定期回答小讲圈的优质问题，与你分享更多独家经验。\n<br>本系列小讲共有4期课程，分别为你讲解资金分配、基础保障、产品筛选和进阶资产配置的技巧，手把手教你搞定理财赚钱的每一步，点击下方链接即可进入各期小讲的购买页面。</p>\n</div>', '2', '1', '0', '0');
INSERT INTO `fd_smalltalk` VALUES ('3', '1', '社交破冰术：3个必备聊天技能', '3', 'https://medias.zaih.com/aa23f560242c566984a226779a58_558x558.png?imageView2/1/w/100', '27', '4', '<div id=\"description\" class=\"description-html\" data-reactid=\".0.2.0.1.0.1\"><p>都说读书能让自己快速增值，可90%的人都掉入低水平勤奋的陷阱——连读过的内容都记不住，又怎么能将知识变现呢？经过7年探索，我终于摆脱“读书无用”的状态，可以依靠读书获得百万收入！现在我将7年经验浓缩为小讲，颠覆你对读书的认识。<br>\n<br>\n我是成甲，罗辑思维得到APP「每天听本书」节目的说书人。2016年，我的说书节目在「每天听本书」销量TOP10节目中占3成；《好好学习：个人知识管理精进指南》上市不久各大网站新书榜第一，20天销售4万册。此前我曾在第九课堂开设《个人知识管理》课，课程评分高达9.95分，排名第一。<br>\n<br></p>\n\n<h3>我在知识管理方面的努力，也获得了一些认可：</h3>\n\n<ul>\n<li>罗辑思维：中国最会学习的人之一。 </li>\n<li>脱不花：少数拥有高级学习能力的人。 </li>\n<li>李笑来：写了一本把学习讲透的书。</li>\n</ul>\n\n<p>不过我和你一样，也还是在探索成长的路上，如果你也学习方法感兴趣，可以关注我的公众号：「成甲」，或在微博@成甲说书，一起交流，共同进步。</p>\n\n<h3>这次小讲可能给你的启发：</h3>\n\n<ul>\n<li>破解读书的误区：我们读书效率低，其实是因为有很多以为正确实则错误的观念阻碍着我们； </li>\n<li>收获全新的读书方法：所谓笨就是采取同样的方法却期待有不同的结果。高效读书的方法是完全不一样的。；</li>\n<li>掌握高效小技巧：读书也有自己的组合技巧，有合适的武器，战斗力更强！  </li>\n</ul>\n\n<h3>谁不可错过这次小讲：</h3>\n\n<ul>\n<li>读书读了就忘，苦于读书无得的朋友； </li>\n<li>习惯一页一页从头读到尾，收获与所花时间不成正比的朋友； </li>\n<li>想要让读书真正改变自己生活的朋友。</li>\n</ul>\n\n<p>9.9元，不够买半本书；却能让你以后所有书价值倍增。</p>\n\n<p>更重要的是，你还可以通过小讲圈与我和其他阅读爱好者探讨互动，取得更大进步。</p>\n</div>', '3', '1', '0', '0');
INSERT INTO `fd_smalltalk` VALUES ('4', '1', '练好气息，让你的声音沉着稳定', '4', 'https://medias.zaih.com/Fr4wdWv0dUm1E45_dCfHPAeR08VY?imageView2/1/w/100', '44', '4', '<div id=\"description\" class=\"description-html\" data-reactid=\".0.2.0.1.0.1\"><p>稳定沉着的声音，能在重要场合帮你提升气场。如果声音发抖、不连贯，就会让人觉得你紧张、不够专业。气息是解决这个问题的关键，在系列小讲的第二期当中，我会为你介绍练习呼吸的2大诀窍、3大原则，帮你快速改变自己的声音状态。 <br>\n<br>\n我是李蕾，知名主持人，拥有20年媒体从业经历，15年电视主持经验，先后获得了上海传媒人奖、中国广播电视金话筒提名奖等诸多荣誉。2013年3月开始担任中央电视台综合频道《1起聊聊》节目主持人。2016年首次推出中国第一部定义时代审美的大型人物纪录片《这个时代的审美》，对话陆川、马未都、乐嘉、马思纯等名人。<br>\n<br>\n和大多数主持人不同，我并不是学播音主持专业出身的，因此在怎么把声音练好这件事上，我走了好多弯路，试过了各种各样的笨办法。最终，我总结出了一套更适合普通人的声音练习方法。辞职创业以来，我先后帮助了数万名学员提升了自己的声音。这个系列小讲，我将独家方法浓缩为4次课程，从改变发音到寻找你的声音密码，由浅入深教你练出好声音。<br></p>\n\n<h3>听完这期小讲，你将了解：</h3>\n\n<ul>\n<li>1个呼吸秘籍，让你的声音更自信、不紧张；</li>\n<li>2种练习姿势，迅速找到腹式呼吸的诀窍；</li>\n<li>详解4种呼吸方式，帮你更好地控制声音；</li>\n<li>深吸慢呼3大原则，独家方法练好声音。</li>\n</ul>\n\n<h3>谁需要这次小讲：</h3>\n\n<ul>\n<li>需要改善发音的职场人；</li>\n<li>准备考取普通话证书的朋友；</li>\n<li>希望学习播音主持等专业的考生。</li>\n</ul>\n\n<p><br>\n本系列小讲共有4期课程，分别帮你提升声音的清晰度、亲和力、感染力及说服力，其余3期小讲可以通过以下方式购买：\n回到分答首页，点击右上角小讲图标进入列表页面，点击“变成声音好听的人”专题图片即可购买。</p>\n\n<h3>系列课表如下：</h3>\n\n<ul>\n<li>第一期：3步练就清晰发音，更有职业范</li>\n<li>第二期：练好气息，让你的声音沉着稳定</li>\n<li>第三期：提升声音感染力，说话自然又自信</li>\n<li>第四期：掌握说话节奏，突出你的表达重点</li>\n</ul>\n\n<p><br>\n现在购买，还可以通过小讲圈与我互动，我会定期回答小讲圈问题，与你分享更多专业的声音训练方法。</p>\n</div>', '4', '1', '0', '0');
INSERT INTO `fd_smalltalk` VALUES ('5', '1', '战胜懒癌，最易上手的习惯养成法', '5', 'https://medias.zaih.com/Fl_XRrWmuV01cTGlegrEpaEwFSKy?imageView2/1/w/100', '28', '4', '<div id=\"description\" class=\"description-html\" data-reactid=\".0.2.0.1.0.1\"><p>稳定沉着的声音，能在重要场合帮你提升气场。如果声音发抖、不连贯，就会让人觉得你紧张、不够专业。气息是解决这个问题的关键，在系列小讲的第二期当中，我会为你介绍练习呼吸的2大诀窍、3大原则，帮你快速改变自己的声音状态。 <br>\n<br>\n我是李蕾，知名主持人，拥有20年媒体从业经历，15年电视主持经验，先后获得了上海传媒人奖、中国广播电视金话筒提名奖等诸多荣誉。2013年3月开始担任中央电视台综合频道《1起聊聊》节目主持人。2016年首次推出中国第一部定义时代审美的大型人物纪录片《这个时代的审美》，对话陆川、马未都、乐嘉、马思纯等名人。<br>\n<br>\n和大多数主持人不同，我并不是学播音主持专业出身的，因此在怎么把声音练好这件事上，我走了好多弯路，试过了各种各样的笨办法。最终，我总结出了一套更适合普通人的声音练习方法。辞职创业以来，我先后帮助了数万名学员提升了自己的声音。这个系列小讲，我将独家方法浓缩为4次课程，从改变发音到寻找你的声音密码，由浅入深教你练出好声音。<br></p>\n\n<h3>听完这期小讲，你将了解：</h3>\n\n<ul>\n<li>1个呼吸秘籍，让你的声音更自信、不紧张；</li>\n<li>2种练习姿势，迅速找到腹式呼吸的诀窍；</li>\n<li>详解4种呼吸方式，帮你更好地控制声音；</li>\n<li>深吸慢呼3大原则，独家方法练好声音。</li>\n</ul>\n\n<h3>谁需要这次小讲：</h3>\n\n<ul>\n<li>需要改善发音的职场人；</li>\n<li>准备考取普通话证书的朋友；</li>\n<li>希望学习播音主持等专业的考生。</li>\n</ul>\n\n<p><br>\n本系列小讲共有4期课程，分别帮你提升声音的清晰度、亲和力、感染力及说服力，其余3期小讲可以通过以下方式购买：\n回到分答首页，点击右上角小讲图标进入列表页面，点击“变成声音好听的人”专题图片即可购买。</p>\n\n<h3>系列课表如下：</h3>\n\n<ul>\n<li>第一期：3步练就清晰发音，更有职业范</li>\n<li>第二期：练好气息，让你的声音沉着稳定</li>\n<li>第三期：提升声音感染力，说话自然又自信</li>\n<li>第四期：掌握说话节奏，突出你的表达重点</li>\n</ul>\n\n<p><br>\n现在购买，还可以通过小讲圈与我互动，我会定期回答小讲圈问题，与你分享更多专业的声音训练方法。</p>\n</div>', '5', '1', '0', '0');
INSERT INTO `fd_smalltalk` VALUES ('6', '1', '如何在超忙工作之余年读书180本？', '6', 'https://medias.zaih.com/Fnq-0dMXNJFm_8iRSx6XoZA_R94c?imageView2/1/w/100', '34', '39', '<div id=\"description\" class=\"description-html\" data-reactid=\".0.2.0.1.0.1\"><p>offer易拿，高薪难求。高薪不只靠入职后努力，面试时就该争取，不然自己就输在了起跑线上。我会帮你破除面试谈薪中的4大误区，掌握8个技巧，帮你谈出高薪。</p>\n\n<p>我是果壳COO姚笛，拥有将近17年工作经历，在 「在行」，我价值3000元的职场话题供不应求。我换过十来家不同类型的公司，尝试过研发、产品、销售、市场、运营、人力资源等多种岗位，熟悉各种岗位的面试与被面试过程。在小讲，我会将自己的经验毫无保留地分享给你。 </p>\n\n<p>听完我的小讲，你不会再惧怕面试谈薪；\n能树立正确的面试谈薪「三观」；\n能学会如何谈离职原因、如何向面试官提问，抓住各个环节的机会；\n能学会如何应对面试官杀价。</p>\n\n<p>如果你还有以下或者更多问题：\n面试官会故意压低薪资做压力测试吗？\n过了1年Gap Year，只是到处闲逛写小说，如何与面试官谈论这一段职业空白期？\n过去一年跳槽3次，我自己觉得快速试错没问题，但面试官问起该如何应对？</p>\n\n<p>购买之后就可以向我提问并与票友互动交流，获取更多经验。如果你想为自己的面试加分，欢迎来听我的小讲，也可以随时向我提问。</p>\n</div>\n', '6', '1', '0', '0');
INSERT INTO `fd_smalltalk` VALUES ('7', '1', '摆脱选择困难，4道题做好关键决策', '7', 'https://medias.zaih.com/FraweQQ8-nqBgSaAUcM4OAUerdn9?imageView2/1/w/100', '25', '4', '<div id=\"description\" class=\"description-html\" data-reactid=\".0.2.0.1.0.1\"><p>初入职场的毕业生积蓄寥寥，如何迈出投资第一步？对于每天忙到焦头烂额的上班族来说，有没有省时省力的极简投资法？事业有成的中年人，如何科学管理自己的资产、稳步升值？我将从投资原则入手，手把手教你根据自身条件完成资产配置，培养出属于自己的财富小金鹅。<br>\n<br>\n我是简七，「简七理财」创始人，中信出版社签约作者，网易云课堂理财明星讲师，蚂蚁聚宝特聘理财有财教练。从西南财经大学财政专业毕业后，先后担任过德勤会计师事务所审计、税务咨询顾问及外企500强企业税务经理，并且凭借自己的专业知识和投资实践成为理财达人，30岁前就实现了财富自由。2013年，创立「简七理财」，致力于将纷繁复杂的理财投资知识变得简单易学，让每个普通人都能轻松上手提升收益。现已向近百万人普及了科学的理财观念和方法，旗下电台收听量、电子书下载量均超过百万，微信理财文章累计阅读量超过三千万。<br></p>\n\n<h3>听完这次小讲，你将获得：</h3>\n\n<ul>\n<li>入门：开始投资理财之前必知的2大原则；</li>\n<li>工具：最适合普通人的3种极简投资方法；</li>\n<li>案例：详解不同人生阶段的资产配置方案；</li>\n<li>实操：手把手教你制定个人专属的资产规划。</li>\n</ul>\n\n<h3>谁需要本次小讲：</h3>\n\n<ul>\n<li>零基础入门投资的职场新人；</li>\n<li>想要省时省力实现稳步盈利的上班族；</li>\n<li>希望用科学方法实现资产增值的人。</li>\n</ul>\n\n<p><br>现在购买，还可以通过小讲圈与我互动，我会定期回答小讲圈的优质问题，与你分享更多独家经验。\n<br>本系列小讲共有4期课程，分别为你讲解资金分配、基础保障、产品筛选和进阶资产配置的技巧，手把手教你搞定理财赚钱的每一步，点击下方链接即可进入各期小讲的购买页面。</p>\n</div>', '7', '1', '0', '0');
INSERT INTO `fd_smalltalk` VALUES ('8', '1', '面试赢高薪，让同事输在起跑线上', '8', 'https://medias.zaih.com/FpRSIqmaMl_eP89Md4ajKeWs6r58?imageView2/1/w/100', '33', '9', '<div id=\"description\" class=\"description-html\" data-reactid=\".0.2.0.1.0.1\"><p>很羡慕那些会理财的人，自己面对一堆理财产品却无从下手？想开始理财，却没有多余的钱可以用？狠心把刚性的短期支出用来投资，用钱的时候却拿不出来，十分被动。我将从7个维度为你解析产品是否值得投资，教你在满足开销需求的情况下收益最大化。<br>\n <br>\n我是简七，「简七理财」创始人，中信出版社签约作者，网易云课堂理财明星讲师，蚂蚁聚宝特聘理财有财教练。从西南财经大学财政专业毕业后，先后担任过德勤会计师事务所审计、税务咨询顾问及外企500强企业税务经理，并且凭借自己的专业知识和投资实践成为理财达人，30岁前就实现了财富自由。2013年，创立「简七理财」，致力于将纷繁复杂的理财投资知识变得简单易学，让每个普通人都能轻松上手提升收益。现已向近百万人普及了科学的理财观念和方法，旗下电台收听量、电子书下载量均超过百万，微信理财文章累计阅读量超过三千万。<br></p>\n\n<h3>听完这次小讲，你将了解：</h3>\n\n<ul>\n<li>入门：详解常见的四大类基础投资品；</li>\n<li>方法：7个维度判断产品是否值得投资；</li>\n<li>技巧：1个技巧提高货币基金收益率；</li>\n<li>示例：教你如何管理明确的目标开支。</li>\n</ul>\n\n<h3>谁需要这次小讲：</h3>\n\n<ul>\n<li>不知道如何挑选投资品的理财小白；</li>\n<li>想要将日常支出投资利益最大化的人；</li>\n<li>有明确目标开支的理财人。</li>\n</ul>\n\n<p><br>现在购买，还可以通过小讲圈与我互动，我会定期回答小讲圈的优质问题，与你分享更多独家经验。</p>\n</div>\n', '8', '1', '0', '0');
INSERT INTO `fd_smalltalk` VALUES ('9', '1', '选对跳槽时机，让你身价翻倍', '9', 'https://medias.zaih.com/a166006c2e824ac8bf53597b50a2_558x558.jpg?imageView2/1/w/100', '24', '9', '<div id=\"description\" class=\"description-html\" data-reactid=\".0.2.0.1.0.1\"><p>总觉得新闻里的天灾人祸离自己很远，但万一不幸遭遇，你知道如何摆脱束手无策的困境吗？想给家人最好的生活，除了努力升职加薪，你知道如何为幸福增加保障吗？我将用简单易懂的案例，为你讲透保险知识，帮你用最少的钱实现投保效益最大化。<br>\n <br>\n我是简七，「简七理财」创始人，中信出版社签约作者，网易云课堂理财明星讲师，蚂蚁聚宝特聘理财有财教练。从西南财经大学财政专业毕业后，先后担任过德勤会计师事务所审计、税务咨询顾问及外企500强企业税务经理，并且凭借自己的专业知识和投资实践成为理财达人，30岁前就实现了财富自由。2013年，创立「简七理财」，致力于将纷繁复杂的理财投资知识变得简单易学，让每个普通人都能轻松上手提升收益。现已向近百万人普及了科学的理财观念和方法，旗下电台收听量、电子书下载量均超过百万，微信理财文章累计阅读量超过三千万。<br></p>\n\n<h3>听完这次小讲，你将了解：</h3>\n\n<ul>\n<li>入门：走出误区，正确认识保险的意义；</li>\n<li>分类：如何根据人生不同阶段选购保险；</li>\n<li>方案：解答投保中最常遇到的3大难题；</li>\n<li>实操：从零开始，制定家庭保险计划。</li>\n</ul>\n\n<h3>谁需要这次小讲：</h3>\n\n<ul>\n<li>不知道如何选购保险的普通人；</li>\n<li>想要降低日常财务风险的人；</li>\n<li>想让保险发挥效益最大化的人；</li>\n<li>第一次为自己或家人选购保险的入门者。</li>\n</ul>\n\n<p><br>现在购买，还可以通过小讲圈与我互动，我会定期回答小讲圈的优质问题，与你分享更多独家经验。\n<br>本系列小讲共有4期课程，分别为你讲解资金分配、基础保障、产品筛选和进阶资产配置的技巧，手把手教你搞定理财赚钱的每一步，点击下方链接即可进入各期小讲的购买页面。</p>\n</div>', '9', '1', '0', '0');
INSERT INTO `fd_smalltalk` VALUES ('10', '1', '副业月入十万，我的9条时间管理秘籍', '10', 'https://medias.zaih.com/FlEZpF0SxkGzh04Ui4PN589-DOA0?imageView2/1/w/100', '22', '30', '<div id=\"description\" class=\"description-html\" data-reactid=\".0.2.0.1.0.1\"><p>总觉得新闻里的天灾人祸离自己很远，但万一不幸遭遇，你知道如何摆脱束手无策的困境吗？想给家人最好的生活，除了努力升职加薪，你知道如何为幸福增加保障吗？我将用简单易懂的案例，为你讲透保险知识，帮你用最少的钱实现投保效益最大化。<br>\n <br>\n我是简七，「简七理财」创始人，中信出版社签约作者，网易云课堂理财明星讲师，蚂蚁聚宝特聘理财有财教练。从西南财经大学财政专业毕业后，先后担任过德勤会计师事务所审计、税务咨询顾问及外企500强企业税务经理，并且凭借自己的专业知识和投资实践成为理财达人，30岁前就实现了财富自由。2013年，创立「简七理财」，致力于将纷繁复杂的理财投资知识变得简单易学，让每个普通人都能轻松上手提升收益。现已向近百万人普及了科学的理财观念和方法，旗下电台收听量、电子书下载量均超过百万，微信理财文章累计阅读量超过三千万。<br></p>\n\n<h3>听完这次小讲，你将了解：</h3>\n\n<ul>\n<li>入门：走出误区，正确认识保险的意义；</li>\n<li>分类：如何根据人生不同阶段选购保险；</li>\n<li>方案：解答投保中最常遇到的3大难题；</li>\n<li>实操：从零开始，制定家庭保险计划。</li>\n</ul>\n\n<h3>谁需要这次小讲：</h3>\n\n<ul>\n<li>不知道如何选购保险的普通人；</li>\n<li>想要降低日常财务风险的人；</li>\n<li>想让保险发挥效益最大化的人；</li>\n<li>第一次为自己或家人选购保险的入门者。</li>\n</ul>\n\n<p><br>现在购买，还可以通过小讲圈与我互动，我会定期回答小讲圈的优质问题，与你分享更多独家经验。\n<br>本系列小讲共有4期课程，分别为你讲解资金分配、基础保障、产品筛选和进阶资产配置的技巧，手把手教你搞定理财赚钱的每一步，点击下方链接即可进入各期小讲的购买页面。</p>\n</div>', '10', '1', '0', '0');
INSERT INTO `fd_smalltalk` VALUES ('11', '2', '财富水池：迈出理财投资第一步', '11', 'https://medias.zaih.com/6da0ea1ebf82670d67b6546da61a_558x558.jpg?imageView2/1/w/100', '27', '9', '<div id=\"description\" class=\"description-html\" data-reactid=\".0.2.0.1.0.1\"><p>总觉得新闻里的天灾人祸离自己很远，但万一不幸遭遇，你知道如何摆脱束手无策的困境吗？想给家人最好的生活，除了努力升职加薪，你知道如何为幸福增加保障吗？我将用简单易懂的案例，为你讲透保险知识，帮你用最少的钱实现投保效益最大化。<br>\n <br>\n我是简七，「简七理财」创始人，中信出版社签约作者，网易云课堂理财明星讲师，蚂蚁聚宝特聘理财有财教练。从西南财经大学财政专业毕业后，先后担任过德勤会计师事务所审计、税务咨询顾问及外企500强企业税务经理，并且凭借自己的专业知识和投资实践成为理财达人，30岁前就实现了财富自由。2013年，创立「简七理财」，致力于将纷繁复杂的理财投资知识变得简单易学，让每个普通人都能轻松上手提升收益。现已向近百万人普及了科学的理财观念和方法，旗下电台收听量、电子书下载量均超过百万，微信理财文章累计阅读量超过三千万。<br></p>\n\n<h3>听完这次小讲，你将了解：</h3>\n\n<ul>\n<li>入门：走出误区，正确认识保险的意义；</li>\n<li>分类：如何根据人生不同阶段选购保险；</li>\n<li>方案：解答投保中最常遇到的3大难题；</li>\n<li>实操：从零开始，制定家庭保险计划。</li>\n</ul>\n\n<h3>谁需要这次小讲：</h3>\n\n<ul>\n<li>不知道如何选购保险的普通人；</li>\n<li>想要降低日常财务风险的人；</li>\n<li>想让保险发挥效益最大化的人；</li>\n<li>第一次为自己或家人选购保险的入门者。</li>\n</ul>\n\n<p><br>现在购买，还可以通过小讲圈与我互动，我会定期回答小讲圈的优质问题，与你分享更多独家经验。\n<br>本系列小讲共有4期课程，分别为你讲解资金分配、基础保障、产品筛选和进阶资产配置的技巧，手把手教你搞定理财赚钱的每一步，点击下方链接即可进入各期小讲的购买页面。</p>\n</div>', '11', '1', '0', '0');
INSERT INTO `fd_smalltalk` VALUES ('12', '2', '投资进阶技巧：长期稳定赚钱', '12', 'https://medias.zaih.com/6da0ea1ebf82670d67b6546da61a_558x558.jpg?imageView2/1/w/100', '21', '9', '<div id=\"description\" class=\"description-html\" data-reactid=\".0.2.0.1.0.1\"><p>我是Isa，美国注册营养师（Registered Dietitian Nutritionist），毕业于北京大学医学部，同时拥有北京大学心理学双学位、美国密歇根大学人类营养学硕士学位，持有运动营养证书，曾为美国橄榄球队、游泳队和马拉松训练队等做营养咨询。如果你已经有充分的减肥决心和意志，试过无数方法却迟迟不见效果， 我会帮你用最短的时间减掉最多的脂肪。<br></p>\n\n<h3>听完我的小讲，你会获得一个更幸福的聪明减肥方法：</h3>\n\n<ul>\n<li>教你科学饮食调理和制定科学锻炼计划； </li>\n<li>健康又安全，合理化你的减肥节奏； </li>\n<li>28天让减肥事半功倍。 </li>\n</ul>\n\n<h3>如果你有以下或者更多问题：</h3>\n\n<ul>\n<li>为什么我每天运动还是减不了肥？ </li>\n<li>为什么我已经运动减肥数月，甚至数年，体重仍在上升？ </li>\n<li>为什么我坚持晚上不吃，依然没有达到瘦身效果？ </li>\n<li>为什么我听信众多达人减肥妙招还是瘦不下来？ </li>\n</ul>\n\n<p><br>购买之后就可以向我提问并与票友互动交流，一票永逸。如果你是正在减肥或准备减肥的人，欢迎来听我的小讲。也可以在我的个人页面随时向我提问。</p>\n</div>', '12', '1', '0', '0');
INSERT INTO `fd_smalltalk` VALUES ('13', '2', '理财实操课：手把手教你赚钱每一步', '13', 'https://medias.zaih.com/40eeaacedfad92e309282e368a9b_666x666.jpg', '1', '39', '<div id=\"description\" class=\"description-html\" data-reactid=\".0.2.0.1.0.1\"><p>我是Isa，美国注册营养师（Registered Dietitian Nutritionist），毕业于北京大学医学部，同时拥有北京大学心理学双学位、美国密歇根大学人类营养学硕士学位，持有运动营养证书，曾为美国橄榄球队、游泳队和马拉松训练队等做营养咨询。如果你已经有充分的减肥决心和意志，试过无数方法却迟迟不见效果， 我会帮你用最短的时间减掉最多的脂肪。<br></p>\n\n<h3>听完我的小讲，你会获得一个更幸福的聪明减肥方法：</h3>\n\n<ul>\n<li>教你科学饮食调理和制定科学锻炼计划； </li>\n<li>健康又安全，合理化你的减肥节奏； </li>\n<li>28天让减肥事半功倍。 </li>\n</ul>\n\n<h3>如果你有以下或者更多问题：</h3>\n\n<ul>\n<li>为什么我每天运动还是减不了肥？ </li>\n<li>为什么我已经运动减肥数月，甚至数年，体重仍在上升？ </li>\n<li>为什么我坚持晚上不吃，依然没有达到瘦身效果？ </li>\n<li>为什么我听信众多达人减肥妙招还是瘦不下来？ </li>\n</ul>\n\n<p><br>购买之后就可以向我提问并与票友互动交流，一票永逸。如果你是正在减肥或准备减肥的人，欢迎来听我的小讲。也可以在我的个人页面随时向我提问。</p>\n</div>', '13', '1', '0', '0');
INSERT INTO `fd_smalltalk` VALUES ('14', '2', '投资实战：选对你的理财产品', '14', 'https://medias.zaih.com/6da0ea1ebf82670d67b6546da61a_558x558.jpg?imageView2/1/w/100', '23', '9', '<div id=\"description\" class=\"description-html\" data-reactid=\".0.2.0.1.0.1\"><p>减肥没减对，转眼老十岁！想知道为什么你的减肥计划总是无法坚持？为什么错误的方法会加速皮肤老化？为什么身材越减越差？我会为你归纳出2个安全原则、3类关键食物，辅以2种保美小手段，给你正确方法，减掉肥肉，留住颜值。</p>\n\n<p>我是仰望尾迹云，知名健身减肥科普作者，中国铁道科学研究院聘用专家，曾在《健康报》《大众健康》《科学大众》等多家健康类、科普类杂志发表文章，科普创作超过150万字，减肥科普著作《要瘦就瘦一辈子》、《慢减肥》出版在即。独创了“模块化饮食减肥法”、“运动减肥速查逻辑图”等以大量科学研究为依据但简单实用的减肥实操方案，一对一指导运动员、大众健身减肥超过3000人次。目前我已在分答回答了近千个问题，超过73000人听过我的语音回答。 </p>\n\n<p>听过这次小讲，你将了解：\n为什么错误的减肥方式会让人老得更快？\n想要科学减肥，需要注意哪些要点？\n减肥期间应该怎样安排饮食？需要吃什么？吃多少？\n哪些方法能够帮自己巩固减肥效果？</p>\n\n<p>谁不可错过这次小讲：\n所有希望同时拥有好身材和健康身体的朋友。</p>\n\n<p>现在购买，还可以通过小讲圈与我互动，为你解答更多减肥问题，减肥保美，轻松实现。</p>\n</div>', '14', '1', '0', '0');
INSERT INTO `fd_smalltalk` VALUES ('15', '2', '基础保障：做好家庭保险规划', '15', 'https://medias.zaih.com/6da0ea1ebf82670d67b6546da61a_558x558.jpg?imageView2/1/w/100', '22', '9', '<div id=\"description\" class=\"description-html\" data-reactid=\".0.2.0.1.0.1\"><p>减肥没减对，转眼老十岁！想知道为什么你的减肥计划总是无法坚持？为什么错误的方法会加速皮肤老化？为什么身材越减越差？我会为你归纳出2个安全原则、3类关键食物，辅以2种保美小手段，给你正确方法，减掉肥肉，留住颜值。</p>\n\n<p>我是仰望尾迹云，知名健身减肥科普作者，中国铁道科学研究院聘用专家，曾在《健康报》《大众健康》《科学大众》等多家健康类、科普类杂志发表文章，科普创作超过150万字，减肥科普著作《要瘦就瘦一辈子》、《慢减肥》出版在即。独创了“模块化饮食减肥法”、“运动减肥速查逻辑图”等以大量科学研究为依据但简单实用的减肥实操方案，一对一指导运动员、大众健身减肥超过3000人次。目前我已在分答回答了近千个问题，超过73000人听过我的语音回答。 </p>\n\n<p>听过这次小讲，你将了解：\n为什么错误的减肥方式会让人老得更快？\n想要科学减肥，需要注意哪些要点？\n减肥期间应该怎样安排饮食？需要吃什么？吃多少？\n哪些方法能够帮自己巩固减肥效果？</p>\n\n<p>谁不可错过这次小讲：\n所有希望同时拥有好身材和健康身体的朋友。</p>\n\n<p>现在购买，还可以通过小讲圈与我互动，为你解答更多减肥问题，减肥保美，轻松实现。</p>\n</div>', '1', '1', '0', '0');
INSERT INTO `fd_smalltalk` VALUES ('16', '2', '零基础如何迈出理财第一步', '16', 'https://medias.zaih.com/FlIrAuXhtD2QB80K8-fGsPXwjvbG?imageView2/1/w/100', '56', '9', '<div id=\"description\" class=\"description-html\" data-reactid=\".0.2.0.1.0.1\"><p>减肥没减对，转眼老十岁！想知道为什么你的减肥计划总是无法坚持？为什么错误的方法会加速皮肤老化？为什么身材越减越差？我会为你归纳出2个安全原则、3类关键食物，辅以2种保美小手段，给你正确方法，减掉肥肉，留住颜值。</p>\n\n<p>我是仰望尾迹云，知名健身减肥科普作者，中国铁道科学研究院聘用专家，曾在《健康报》《大众健康》《科学大众》等多家健康类、科普类杂志发表文章，科普创作超过150万字，减肥科普著作《要瘦就瘦一辈子》、《慢减肥》出版在即。独创了“模块化饮食减肥法”、“运动减肥速查逻辑图”等以大量科学研究为依据但简单实用的减肥实操方案，一对一指导运动员、大众健身减肥超过3000人次。目前我已在分答回答了近千个问题，超过73000人听过我的语音回答。 </p>\n\n<p>听过这次小讲，你将了解：\n为什么错误的减肥方式会让人老得更快？\n想要科学减肥，需要注意哪些要点？\n减肥期间应该怎样安排饮食？需要吃什么？吃多少？\n哪些方法能够帮自己巩固减肥效果？</p>\n\n<p>谁不可错过这次小讲：\n所有希望同时拥有好身材和健康身体的朋友。</p>\n\n<p>现在购买，还可以通过小讲圈与我互动，为你解答更多减肥问题，减肥保美，轻松实现。</p>\n</div>', '2', '1', '0', '0');
INSERT INTO `fd_smalltalk` VALUES ('17', '3', '轻松吃出好身材', '17', 'https://medias.zaih.com/e12a8f9d10b8cf39889a21df9404_558x558.jpg', '1', '30', '<div id=\"description\" class=\"description-html\" data-reactid=\".0.2.0.1.0.1\"><p>人际交往中，你是否常常忽视自己的想法，觉得自己的需求微不足道？ 是否总是自暴自弃，认为自己身上满是缺点？是否习惯于牺牲自己、讨好别人？我将从日常生活情境入手，帮你了解自我，学会自尊，从点滴行动开始，助你提高自我满意度。<br>\n <br></p>\n\n<p>我是简里里，国家二级心理咨询师、简单心理平台创始人兼CEO。20岁时获得伦敦大学学院认知神经心理学硕士学位，曾先后工作于科研机构、中央财经大学心理咨询中心，并出版了多部心理学相关著作与译作。<br>\n <br>\n2016年入选福布斯亚洲30under30青年领英，当选为中国心理卫生协会心理咨询师专业委员会青年委员。2014年6月，我结合“互联网+心理咨询”模式创立了“简单心理”，经过3年多的发展，简单心理已成为国内领先的心理服务品牌和心理咨询医疗大数据平台。</p>\n\n<h3>听完这次小讲，你将了解：</h3>\n\n<ul>\n<li>自测：从日常表现评估自尊水平；</li>\n<li>认知：情境自尊与整体自尊的关系；</li>\n<li>辨析：形成个人自尊的2种途径；</li>\n<li>误区：高自尊并不是健康的自尊；</li>\n<li>方法：正确建立自尊的7个步骤。</li>\n</ul>\n\n<h3>适合谁听：</h3>\n\n<ul>\n<li>希望获得更好人际关系的人；</li>\n<li>想要改善沟通方式的人；</li>\n<li>对心理知识感兴趣的人。</li>\n</ul>\n\n<p><br>现在购买，还可以通过小讲圈与我互动，我会定期回答小讲圈的优质问题，与你分享更多独家经验。<br>\n<br>本系列小讲共有4期课程，分别为你讲解非暴力沟通、正视自己、学会拒绝和用心倾听的技巧，帮你摆脱沟通中的心理盲区，彻底改善你的人际关系，点击下方链接即可进入各期小讲的购买页面。</p>\n</div>', '3', '1', '0', '0');
INSERT INTO `fd_smalltalk` VALUES ('18', '3', '边吃边瘦！营养师的私家瘦身秘笈', '18', 'https://medias.zaih.com/FpdYnkaMbN_MyyeMHyWstbtw1-JM?imageView2/1/w/100', '17', '4', '<div id=\"description\" class=\"description-html\" data-reactid=\".0.2.0.1.0.1\"><p>人际交往中，你是否常常忽视自己的想法，觉得自己的需求微不足道？ 是否总是自暴自弃，认为自己身上满是缺点？是否习惯于牺牲自己、讨好别人？我将从日常生活情境入手，帮你了解自我，学会自尊，从点滴行动开始，助你提高自我满意度。<br>\n <br></p>\n\n<p>我是简里里，国家二级心理咨询师、简单心理平台创始人兼CEO。20岁时获得伦敦大学学院认知神经心理学硕士学位，曾先后工作于科研机构、中央财经大学心理咨询中心，并出版了多部心理学相关著作与译作。<br>\n <br>\n2016年入选福布斯亚洲30under30青年领英，当选为中国心理卫生协会心理咨询师专业委员会青年委员。2014年6月，我结合“互联网+心理咨询”模式创立了“简单心理”，经过3年多的发展，简单心理已成为国内领先的心理服务品牌和心理咨询医疗大数据平台。</p>\n\n<h3>听完这次小讲，你将了解：</h3>\n\n<ul>\n<li>自测：从日常表现评估自尊水平；</li>\n<li>认知：情境自尊与整体自尊的关系；</li>\n<li>辨析：形成个人自尊的2种途径；</li>\n<li>误区：高自尊并不是健康的自尊；</li>\n<li>方法：正确建立自尊的7个步骤。</li>\n</ul>\n\n<h3>适合谁听：</h3>\n\n<ul>\n<li>希望获得更好人际关系的人；</li>\n<li>想要改善沟通方式的人；</li>\n<li>对心理知识感兴趣的人。</li>\n</ul>\n\n<p><br>现在购买，还可以通过小讲圈与我互动，我会定期回答小讲圈的优质问题，与你分享更多独家经验。<br>\n<br>本系列小讲共有4期课程，分别为你讲解非暴力沟通、正视自己、学会拒绝和用心倾听的技巧，帮你摆脱沟通中的心理盲区，彻底改善你的人际关系，点击下方链接即可进入各期小讲的购买页面。</p>\n</div>', '4', '1', '0', '0');
INSERT INTO `fd_smalltalk` VALUES ('19', '3', '吃撑也能健康瘦的模块化饮食法', '19', 'https://medias.zaih.com/FqsMu9AomnFwqII2nwnajlhPh8yD?imageView2/1/w/100', '35', '9', '<div id=\"description\" class=\"description-html\" data-reactid=\".0.2.0.1.0.1\"><p>为什么我们容易伤害到最爱的人？明明是真诚地想和对方沟通，为什么反而引起了矛盾？只有洞悉这些问题背后的心理原因，你才能彻底改善自己的人际关系。我将结合数千小时心理咨询经验，讲透正确沟通的4个步骤，帮你迈出改善人际关系的第一步。<br>\n<br>\n简里里，国家二级心理咨询师、简单心理平台创始人兼CEO。20岁获得伦敦大学学院认知神经心理学硕士学位，曾先后工作于科研机构、中央财经大学心理咨询中心，并出版多部心理学相关著作与译作。<br>\n<br>\n2016年入选福布斯亚洲30under30青年领英，当选为中国心理卫生协会心理咨询师专业委员会青年委员。2014年6月，我结合“互联网+心理咨询”模式创立了“简单心理”，经过3年多的发展，简单心理已成为国内领先的心理服务品牌和心理咨询医疗大数据平台。<br></p>\n\n<h3>听完这次小讲，你将了解：</h3>\n\n<ul>\n<li>误区：我们对沟通的3种错误认知；</li>\n<li>模式：详解非暴力沟通的概念与模式；</li>\n<li>方法：用沟通改善人际关系的4步方法；</li>\n<li>收获：最大限度地表达诉求、化解矛盾。</li>\n</ul>\n\n<h3>适合谁听：</h3>\n\n<ul>\n<li>希望获得更好人际关系的人；</li>\n<li>想要改善沟通方式的人；</li>\n<li>对心理知识感兴趣的人。</li>\n</ul>\n\n<p><br>现在购买，还可以通过小讲圈与我互动，我会定期回答小讲圈的优质问题，与你分享更多独家经验。<br>\n<br>本系列小讲共有4期课程，分别为你讲解非暴力沟通、正视自己、学会拒绝和用心倾听的技巧，帮你摆脱沟通中的心理盲区，彻底改善你的人际关系，点击下方链接即可进入各期小讲的购买页面。</p>\n</div>', '5', '1', '0', '0');
INSERT INTO `fd_smalltalk` VALUES ('20', '3', '高颜值减肥实战手册：更快收获好身材', '20', 'https://medias.zaih.com/FqsMu9AomnFwqII2nwnajlhPh8yD?imageView2/1/w/100', '18', '9', '<div id=\"description\" class=\"description-html\" data-reactid=\".0.2.0.1.0.1\"><p>为什么我们容易伤害到最爱的人？明明是真诚地想和对方沟通，为什么反而引起了矛盾？只有洞悉这些问题背后的心理原因，你才能彻底改善自己的人际关系。我将结合数千小时心理咨询经验，讲透正确沟通的4个步骤，帮你迈出改善人际关系的第一步。<br>\n<br>\n简里里，国家二级心理咨询师、简单心理平台创始人兼CEO。20岁获得伦敦大学学院认知神经心理学硕士学位，曾先后工作于科研机构、中央财经大学心理咨询中心，并出版多部心理学相关著作与译作。<br>\n<br>\n2016年入选福布斯亚洲30under30青年领英，当选为中国心理卫生协会心理咨询师专业委员会青年委员。2014年6月，我结合“互联网+心理咨询”模式创立了“简单心理”，经过3年多的发展，简单心理已成为国内领先的心理服务品牌和心理咨询医疗大数据平台。<br></p>\n\n<h3>听完这次小讲，你将了解：</h3>\n\n<ul>\n<li>误区：我们对沟通的3种错误认知；</li>\n<li>模式：详解非暴力沟通的概念与模式；</li>\n<li>方法：用沟通改善人际关系的4步方法；</li>\n<li>收获：最大限度地表达诉求、化解矛盾。</li>\n</ul>\n\n<h3>适合谁听：</h3>\n\n<ul>\n<li>希望获得更好人际关系的人；</li>\n<li>想要改善沟通方式的人；</li>\n<li>对心理知识感兴趣的人。</li>\n</ul>\n\n<p><br>现在购买，还可以通过小讲圈与我互动，我会定期回答小讲圈的优质问题，与你分享更多独家经验。<br>\n<br>本系列小讲共有4期课程，分别为你讲解非暴力沟通、正视自己、学会拒绝和用心倾听的技巧，帮你摆脱沟通中的心理盲区，彻底改善你的人际关系，点击下方链接即可进入各期小讲的购买页面。</p>\n</div>', '6', '1', '0', '0');
INSERT INTO `fd_smalltalk` VALUES ('21', '3', '精准翘臀美腿的全盘减肥方案', '1', 'https://medias.zaih.com/FqsMu9AomnFwqII2nwnajlhPh8yD?imageView2/1/w/100', '25', '9', '<div id=\"description\" class=\"description-html\" data-reactid=\".0.2.0.1.0.1\"><p>为什么我们容易伤害到最爱的人？明明是真诚地想和对方沟通，为什么反而引起了矛盾？只有洞悉这些问题背后的心理原因，你才能彻底改善自己的人际关系。我将结合数千小时心理咨询经验，讲透正确沟通的4个步骤，帮你迈出改善人际关系的第一步。<br>\n<br>\n简里里，国家二级心理咨询师、简单心理平台创始人兼CEO。20岁获得伦敦大学学院认知神经心理学硕士学位，曾先后工作于科研机构、中央财经大学心理咨询中心，并出版多部心理学相关著作与译作。<br>\n<br>\n2016年入选福布斯亚洲30under30青年领英，当选为中国心理卫生协会心理咨询师专业委员会青年委员。2014年6月，我结合“互联网+心理咨询”模式创立了“简单心理”，经过3年多的发展，简单心理已成为国内领先的心理服务品牌和心理咨询医疗大数据平台。<br></p>\n\n<h3>听完这次小讲，你将了解：</h3>\n\n<ul>\n<li>误区：我们对沟通的3种错误认知；</li>\n<li>模式：详解非暴力沟通的概念与模式；</li>\n<li>方法：用沟通改善人际关系的4步方法；</li>\n<li>收获：最大限度地表达诉求、化解矛盾。</li>\n</ul>\n\n<h3>适合谁听：</h3>\n\n<ul>\n<li>希望获得更好人际关系的人；</li>\n<li>想要改善沟通方式的人；</li>\n<li>对心理知识感兴趣的人。</li>\n</ul>\n\n<p><br>现在购买，还可以通过小讲圈与我互动，我会定期回答小讲圈的优质问题，与你分享更多独家经验。<br>\n<br>本系列小讲共有4期课程，分别为你讲解非暴力沟通、正视自己、学会拒绝和用心倾听的技巧，帮你摆脱沟通中的心理盲区，彻底改善你的人际关系，点击下方链接即可进入各期小讲的购买页面。</p>\n</div>', '7', '1', '0', '0');
INSERT INTO `fd_smalltalk` VALUES ('22', '3', '6天减7斤，应急短期减肥法', '2', 'https://medias.zaih.com/FqsMu9AomnFwqII2nwnajlhPh8yD?imageView2/1/w/100', '27', '9', '<div id=\"description\" class=\"description-html\" data-reactid=\".0.2.0.1.0.1\"><p>为什么我们容易伤害到最爱的人？明明是真诚地想和对方沟通，为什么反而引起了矛盾？只有洞悉这些问题背后的心理原因，你才能彻底改善自己的人际关系。我将结合数千小时心理咨询经验，讲透正确沟通的4个步骤，帮你迈出改善人际关系的第一步。<br>\n<br>\n简里里，国家二级心理咨询师、简单心理平台创始人兼CEO。20岁获得伦敦大学学院认知神经心理学硕士学位，曾先后工作于科研机构、中央财经大学心理咨询中心，并出版多部心理学相关著作与译作。<br>\n<br>\n2016年入选福布斯亚洲30under30青年领英，当选为中国心理卫生协会心理咨询师专业委员会青年委员。2014年6月，我结合“互联网+心理咨询”模式创立了“简单心理”，经过3年多的发展，简单心理已成为国内领先的心理服务品牌和心理咨询医疗大数据平台。<br></p>\n\n<h3>听完这次小讲，你将了解：</h3>\n\n<ul>\n<li>误区：我们对沟通的3种错误认知；</li>\n<li>模式：详解非暴力沟通的概念与模式；</li>\n<li>方法：用沟通改善人际关系的4步方法；</li>\n<li>收获：最大限度地表达诉求、化解矛盾。</li>\n</ul>\n\n<h3>适合谁听：</h3>\n\n<ul>\n<li>希望获得更好人际关系的人；</li>\n<li>想要改善沟通方式的人；</li>\n<li>对心理知识感兴趣的人。</li>\n</ul>\n\n<p><br>现在购买，还可以通过小讲圈与我互动，我会定期回答小讲圈的优质问题，与你分享更多独家经验。<br>\n<br>本系列小讲共有4期课程，分别为你讲解非暴力沟通、正视自己、学会拒绝和用心倾听的技巧，帮你摆脱沟通中的心理盲区，彻底改善你的人际关系，点击下方链接即可进入各期小讲的购买页面。</p>\n</div>', '8', '1', '0', '0');
INSERT INTO `fd_smalltalk` VALUES ('23', '4', '学点沟通心理，收获更好的人际关系', '3', 'https://medias.zaih.com/1b2e8f2c139728ade04a6c5c1cad_558x558.png', '1', '29', '<div id=\"description\" class=\"description-html\" data-reactid=\".0.2.0.1.0.1\"><p>为什么我们容易伤害到最爱的人？明明是真诚地想和对方沟通，为什么反而引起了矛盾？只有洞悉这些问题背后的心理原因，你才能彻底改善自己的人际关系。我将结合数千小时心理咨询经验，讲透正确沟通的4个步骤，帮你迈出改善人际关系的第一步。<br>\n<br>\n简里里，国家二级心理咨询师、简单心理平台创始人兼CEO。20岁获得伦敦大学学院认知神经心理学硕士学位，曾先后工作于科研机构、中央财经大学心理咨询中心，并出版多部心理学相关著作与译作。<br>\n<br>\n2016年入选福布斯亚洲30under30青年领英，当选为中国心理卫生协会心理咨询师专业委员会青年委员。2014年6月，我结合“互联网+心理咨询”模式创立了“简单心理”，经过3年多的发展，简单心理已成为国内领先的心理服务品牌和心理咨询医疗大数据平台。<br></p>\n\n<h3>听完这次小讲，你将了解：</h3>\n\n<ul>\n<li>误区：我们对沟通的3种错误认知；</li>\n<li>模式：详解非暴力沟通的概念与模式；</li>\n<li>方法：用沟通改善人际关系的4步方法；</li>\n<li>收获：最大限度地表达诉求、化解矛盾。</li>\n</ul>\n\n<h3>适合谁听：</h3>\n\n<ul>\n<li>希望获得更好人际关系的人；</li>\n<li>想要改善沟通方式的人；</li>\n<li>对心理知识感兴趣的人。</li>\n</ul>\n\n<p><br>现在购买，还可以通过小讲圈与我互动，我会定期回答小讲圈的优质问题，与你分享更多独家经验。<br>\n<br>本系列小讲共有4期课程，分别为你讲解非暴力沟通、正视自己、学会拒绝和用心倾听的技巧，帮你摆脱沟通中的心理盲区，彻底改善你的人际关系，点击下方链接即可进入各期小讲的购买页面。</p>\n</div>', '9', '1', '0', '0');
INSERT INTO `fd_smalltalk` VALUES ('24', '4', '正视自己，提升自尊的7个步骤', '4', 'https://medias.zaih.com/2331058a6cb5166cbe23899a6170_558x558.jpg?imageView2/1/w/100', '26', '7', '<div id=\"description\" class=\"description-html\" data-reactid=\".0.2.0.1.0.1\"><p>为什么我们容易伤害到最爱的人？明明是真诚地想和对方沟通，为什么反而引起了矛盾？只有洞悉这些问题背后的心理原因，你才能彻底改善自己的人际关系。我将结合数千小时心理咨询经验，讲透正确沟通的4个步骤，帮你迈出改善人际关系的第一步。<br>\n<br>\n简里里，国家二级心理咨询师、简单心理平台创始人兼CEO。20岁获得伦敦大学学院认知神经心理学硕士学位，曾先后工作于科研机构、中央财经大学心理咨询中心，并出版多部心理学相关著作与译作。<br>\n<br>\n2016年入选福布斯亚洲30under30青年领英，当选为中国心理卫生协会心理咨询师专业委员会青年委员。2014年6月，我结合“互联网+心理咨询”模式创立了“简单心理”，经过3年多的发展，简单心理已成为国内领先的心理服务品牌和心理咨询医疗大数据平台。<br></p>\n\n<h3>听完这次小讲，你将了解：</h3>\n\n<ul>\n<li>误区：我们对沟通的3种错误认知；</li>\n<li>模式：详解非暴力沟通的概念与模式；</li>\n<li>方法：用沟通改善人际关系的4步方法；</li>\n<li>收获：最大限度地表达诉求、化解矛盾。</li>\n</ul>\n\n<h3>适合谁听：</h3>\n\n<ul>\n<li>希望获得更好人际关系的人；</li>\n<li>想要改善沟通方式的人；</li>\n<li>对心理知识感兴趣的人。</li>\n</ul>\n\n<p><br>现在购买，还可以通过小讲圈与我互动，我会定期回答小讲圈的优质问题，与你分享更多独家经验。<br>\n<br>本系列小讲共有4期课程，分别为你讲解非暴力沟通、正视自己、学会拒绝和用心倾听的技巧，帮你摆脱沟通中的心理盲区，彻底改善你的人际关系，点击下方链接即可进入各期小讲的购买页面。</p>\n</div>', '10', '1', '0', '0');
INSERT INTO `fd_smalltalk` VALUES ('25', '4', '正视自己，提升自尊的7个步骤', '5', 'https://medias.zaih.com/2331058a6cb5166cbe23899a6170_558x558.jpg?imageView2/1/w/100', '40', '7', '<div id=\"description\" class=\"description-html\" data-reactid=\".0.2.0.1.0.1\"><p>为什么我们容易伤害到最爱的人？明明是真诚地想和对方沟通，为什么反而引起了矛盾？只有洞悉这些问题背后的心理原因，你才能彻底改善自己的人际关系。我将结合数千小时心理咨询经验，讲透正确沟通的4个步骤，帮你迈出改善人际关系的第一步。<br>\n<br>\n简里里，国家二级心理咨询师、简单心理平台创始人兼CEO。20岁获得伦敦大学学院认知神经心理学硕士学位，曾先后工作于科研机构、中央财经大学心理咨询中心，并出版多部心理学相关著作与译作。<br>\n<br>\n2016年入选福布斯亚洲30under30青年领英，当选为中国心理卫生协会心理咨询师专业委员会青年委员。2014年6月，我结合“互联网+心理咨询”模式创立了“简单心理”，经过3年多的发展，简单心理已成为国内领先的心理服务品牌和心理咨询医疗大数据平台。<br></p>\n\n<h3>听完这次小讲，你将了解：</h3>\n\n<ul>\n<li>误区：我们对沟通的3种错误认知；</li>\n<li>模式：详解非暴力沟通的概念与模式；</li>\n<li>方法：用沟通改善人际关系的4步方法；</li>\n<li>收获：最大限度地表达诉求、化解矛盾。</li>\n</ul>\n\n<h3>适合谁听：</h3>\n\n<ul>\n<li>希望获得更好人际关系的人；</li>\n<li>想要改善沟通方式的人；</li>\n<li>对心理知识感兴趣的人。</li>\n</ul>\n\n<p><br>现在购买，还可以通过小讲圈与我互动，我会定期回答小讲圈的优质问题，与你分享更多独家经验。<br>\n<br>本系列小讲共有4期课程，分别为你讲解非暴力沟通、正视自己、学会拒绝和用心倾听的技巧，帮你摆脱沟通中的心理盲区，彻底改善你的人际关系，点击下方链接即可进入各期小讲的购买页面。</p>\n</div>', '11', '1', '0', '0');
INSERT INTO `fd_smalltalk` VALUES ('26', '4', '学会拒绝，建立人际交往的边界', '6', 'https://medias.zaih.com/2331058a6cb5166cbe23899a6170_558x558.jpg?imageView2/1/w/100', '26', '7', '<div id=\"description\" class=\"description-html\" data-reactid=\".0.2.0.1.0.1\"><p>为什么我们容易伤害到最爱的人？明明是真诚地想和对方沟通，为什么反而引起了矛盾？只有洞悉这些问题背后的心理原因，你才能彻底改善自己的人际关系。我将结合数千小时心理咨询经验，讲透正确沟通的4个步骤，帮你迈出改善人际关系的第一步。<br>\n<br>\n简里里，国家二级心理咨询师、简单心理平台创始人兼CEO。20岁获得伦敦大学学院认知神经心理学硕士学位，曾先后工作于科研机构、中央财经大学心理咨询中心，并出版多部心理学相关著作与译作。<br>\n<br>\n2016年入选福布斯亚洲30under30青年领英，当选为中国心理卫生协会心理咨询师专业委员会青年委员。2014年6月，我结合“互联网+心理咨询”模式创立了“简单心理”，经过3年多的发展，简单心理已成为国内领先的心理服务品牌和心理咨询医疗大数据平台。<br></p>\n\n<h3>听完这次小讲，你将了解：</h3>\n\n<ul>\n<li>误区：我们对沟通的3种错误认知；</li>\n<li>模式：详解非暴力沟通的概念与模式；</li>\n<li>方法：用沟通改善人际关系的4步方法；</li>\n<li>收获：最大限度地表达诉求、化解矛盾。</li>\n</ul>\n\n<h3>适合谁听：</h3>\n\n<ul>\n<li>希望获得更好人际关系的人；</li>\n<li>想要改善沟通方式的人；</li>\n<li>对心理知识感兴趣的人。</li>\n</ul>\n\n<p><br>现在购买，还可以通过小讲圈与我互动，我会定期回答小讲圈的优质问题，与你分享更多独家经验。<br>\n<br>本系列小讲共有4期课程，分别为你讲解非暴力沟通、正视自己、学会拒绝和用心倾听的技巧，帮你摆脱沟通中的心理盲区，彻底改善你的人际关系，点击下方链接即可进入各期小讲的购买页面。</p>\n</div>', '12', '1', '0', '0');
INSERT INTO `fd_smalltalk` VALUES ('27', '4', '用心倾听，巧妙化解人际冲突', '7', 'https://medias.zaih.com/2331058a6cb5166cbe23899a6170_558x558.jpg?imageView2/1/w/100', '26', '7', '<div id=\"description\" class=\"description-html\" data-reactid=\".0.2.0.1.0.1\"><p>为什么我们容易伤害到最爱的人？明明是真诚地想和对方沟通，为什么反而引起了矛盾？只有洞悉这些问题背后的心理原因，你才能彻底改善自己的人际关系。我将结合数千小时心理咨询经验，讲透正确沟通的4个步骤，帮你迈出改善人际关系的第一步。<br>\n<br>\n简里里，国家二级心理咨询师、简单心理平台创始人兼CEO。20岁获得伦敦大学学院认知神经心理学硕士学位，曾先后工作于科研机构、中央财经大学心理咨询中心，并出版多部心理学相关著作与译作。<br>\n<br>\n2016年入选福布斯亚洲30under30青年领英，当选为中国心理卫生协会心理咨询师专业委员会青年委员。2014年6月，我结合“互联网+心理咨询”模式创立了“简单心理”，经过3年多的发展，简单心理已成为国内领先的心理服务品牌和心理咨询医疗大数据平台。<br></p>\n\n<h3>听完这次小讲，你将了解：</h3>\n\n<ul>\n<li>误区：我们对沟通的3种错误认知；</li>\n<li>模式：详解非暴力沟通的概念与模式；</li>\n<li>方法：用沟通改善人际关系的4步方法；</li>\n<li>收获：最大限度地表达诉求、化解矛盾。</li>\n</ul>\n\n<h3>适合谁听：</h3>\n\n<ul>\n<li>希望获得更好人际关系的人；</li>\n<li>想要改善沟通方式的人；</li>\n<li>对心理知识感兴趣的人。</li>\n</ul>\n\n<p><br>现在购买，还可以通过小讲圈与我互动，我会定期回答小讲圈的优质问题，与你分享更多独家经验。<br>\n<br>本系列小讲共有4期课程，分别为你讲解非暴力沟通、正视自己、学会拒绝和用心倾听的技巧，帮你摆脱沟通中的心理盲区，彻底改善你的人际关系，点击下方链接即可进入各期小讲的购买页面。</p>\n</div>', '13', '1', '0', '0');
INSERT INTO `fd_smalltalk` VALUES ('28', '4', '几句话搞定男人！女人必学的说话术', '8', 'https://medias.zaih.com/2331058a6cb5166cbe23899a6170_558x558.jpg?imageView2/1/w/100', '25', '9', '<div id=\"description\" class=\"description-html\" data-reactid=\".0.2.0.1.0.1\"><p>为什么我们容易伤害到最爱的人？明明是真诚地想和对方沟通，为什么反而引起了矛盾？只有洞悉这些问题背后的心理原因，你才能彻底改善自己的人际关系。我将结合数千小时心理咨询经验，讲透正确沟通的4个步骤，帮你迈出改善人际关系的第一步。<br>\n<br>\n简里里，国家二级心理咨询师、简单心理平台创始人兼CEO。20岁获得伦敦大学学院认知神经心理学硕士学位，曾先后工作于科研机构、中央财经大学心理咨询中心，并出版多部心理学相关著作与译作。<br>\n<br>\n2016年入选福布斯亚洲30under30青年领英，当选为中国心理卫生协会心理咨询师专业委员会青年委员。2014年6月，我结合“互联网+心理咨询”模式创立了“简单心理”，经过3年多的发展，简单心理已成为国内领先的心理服务品牌和心理咨询医疗大数据平台。<br></p>\n\n<h3>听完这次小讲，你将了解：</h3>\n\n<ul>\n<li>误区：我们对沟通的3种错误认知；</li>\n<li>模式：详解非暴力沟通的概念与模式；</li>\n<li>方法：用沟通改善人际关系的4步方法；</li>\n<li>收获：最大限度地表达诉求、化解矛盾。</li>\n</ul>\n\n<h3>适合谁听：</h3>\n\n<ul>\n<li>希望获得更好人际关系的人；</li>\n<li>想要改善沟通方式的人；</li>\n<li>对心理知识感兴趣的人。</li>\n</ul>\n\n<p><br>现在购买，还可以通过小讲圈与我互动，我会定期回答小讲圈的优质问题，与你分享更多独家经验。<br>\n<br>本系列小讲共有4期课程，分别为你讲解非暴力沟通、正视自己、学会拒绝和用心倾听的技巧，帮你摆脱沟通中的心理盲区，彻底改善你的人际关系，点击下方链接即可进入各期小讲的购买页面。</p>\n</div>', '14', '1', '0', '0');
INSERT INTO `fd_smalltalk` VALUES ('29', '5', '极简天文课：天人合一离科学有多远', '9', 'https://medias.zaih.com/Fg7mHqVgc3RqhOwqLFDTn1Ty4HUf?imageView2/1/w/100', '37', '9', '<div id=\"description\" class=\"description-html\" data-reactid=\".0.2.0.1.0.1\"><p>每月的工资总是不够花，你是否想摆脱月光族的生活？除了存余额宝，你是否知道收益更高的理财方式？收入总是支付不起梦想，你是否希望未来能自由掌控金钱？理财投资不是有钱人的专属，而是人人都应该掌握的技能，我将从日常开支入手，用4个财富水池对资金进行合理分类，为你制定专属的理财方案。<br>\n <br>\n我是简七，「简七理财」创始人，中信出版社签约作者，网易云课堂理财明星讲师，蚂蚁聚宝特聘理财有财教练。从西南财经大学财政专业毕业后，先后担任过德勤会计师事务所审计、税务咨询顾问及外企500强企业税务经理，并且凭借自己的专业知识和投资实践成为理财达人，30岁前就实现了财富自由。2013年，创立「简七理财」，致力于将纷繁复杂的理财投资知识变得简单易学，让每个普通人都能轻松上手提升收益。现已向近百万人普及了科学的理财观念和方法，旗下电台收听量、电子书下载量均超过百万，微信理财文章累计阅读量超过三千万。<br></p>\n\n<h3>听完这次小讲，你将了解：</h3>\n\n<ul>\n<li>时间：复利效应，越早开始盈利越多；</li>\n<li>工具：4个财富水池，科学管理财富；</li>\n<li>要素：投资的收益率、风险和流动性；</li>\n<li>实践：5步梳理，实现每一个小目标。</li>\n</ul>\n\n<h3>谁需要这次小讲：</h3>\n\n<ul>\n<li>对投资理财零基础的小白；</li>\n<li>学习了很多理财知识，但不会实践操作的人；</li>\n<li>想用投资理财实现财富升值的人。</li>\n</ul>\n\n<p><br>现在购买，还可以通过小讲圈与我互动，我会定期回答小讲圈的优质问题，与你分享更多独家经验。\n<br>本系列小讲共有4期课程，分别为你讲解资金分配、基础保障、产品筛选和进阶资产配置的技巧，手把手教你搞定理财赚钱的每一步，点击下方链接即可进入各期小讲的购买页面。</p>\n</div>\n', '1', '1', '0', '0');
INSERT INTO `fd_smalltalk` VALUES ('30', '5', '人类是一夫多妻制的动物吗', '10', 'https://medias.zaih.com/Fm-WzEeFiK991dOJ7VlbEV33jShy?imageView2/1/w/100', '20', '4', '<div id=\"description\" class=\"description-html\" data-reactid=\".0.2.0.1.0.1\"><p>很羡慕那些会理财的人，自己面对一堆理财产品却无从下手？想开始理财，却没有多余的钱可以用？狠心把刚性的短期支出用来投资，用钱的时候却拿不出来，十分被动。我将从7个维度为你解析产品是否值得投资，教你在满足开销需求的情况下收益最大化。<br>\n <br>\n我是简七，「简七理财」创始人，中信出版社签约作者，网易云课堂理财明星讲师，蚂蚁聚宝特聘理财有财教练。从西南财经大学财政专业毕业后，先后担任过德勤会计师事务所审计、税务咨询顾问及外企500强企业税务经理，并且凭借自己的专业知识和投资实践成为理财达人，30岁前就实现了财富自由。2013年，创立「简七理财」，致力于将纷繁复杂的理财投资知识变得简单易学，让每个普通人都能轻松上手提升收益。现已向近百万人普及了科学的理财观念和方法，旗下电台收听量、电子书下载量均超过百万，微信理财文章累计阅读量超过三千万。<br></p>\n\n<h3>听完这次小讲，你将了解：</h3>\n\n<ul>\n<li>入门：详解常见的四大类基础投资品；</li>\n<li>方法：7个维度判断产品是否值得投资；</li>\n<li>技巧：1个技巧提高货币基金收益率；</li>\n<li>示例：教你如何管理明确的目标开支。</li>\n</ul>\n\n<h3>谁需要这次小讲：</h3>\n\n<ul>\n<li>不知道如何挑选投资品的理财小白；</li>\n<li>想要将日常支出投资利益最大化的人；</li>\n<li>有明确目标开支的理财人。</li>\n</ul>\n\n<p><br>现在购买，还可以通过小讲圈与我互动，我会定期回答小讲圈的优质问题，与你分享更多独家经验。</p>\n</div>\n', '2', '1', '0', '0');
INSERT INTO `fd_smalltalk` VALUES ('31', '5', '水哥带你看世界：发现观察的乐趣', '11', 'https://medias.zaih.com/FqkT8ti39DDh085eS7G6zccfaHBN?imageView2/1/w/100', '29', '9', '<div id=\"description\" class=\"description-html\" data-reactid=\".0.2.0.1.0.1\"><p>你是否为过去的选择感到后悔？后悔职业选择出现偏差，没早做买房决策……我将系统的决策方法整理为4个简单问题，不仅能让你告别选择恐惧，更能帮你在人生重要节点做出不后悔的决定。没人能保证做对所有选择，但这个小讲能帮你少错一次。</p>\n\n<p>我是战隼，微信公众号warfalcon（read01）创始人，在多个平台有数百万粉丝。曾做过多年的管理咨询顾问，为国家电网公司、南方电网、中国电力投资集团公司等知名企业提供服务，对于策略分析及关键决策有深入的研究，并且成功将战略咨询的框架用到了自己的生活当中。同时我曾研究习惯培养8年时间，对决策的实施和坚持也积累了丰富的经验。我在2010年12月18日发起每天一本书活动，持续进行了379天，共看过419本书，并写下了378篇简评，在博客上分享了46本书的笔记以及16本书的思维导图。近年发起 100 天行动，引导数十万用户做出改变自己的决策，并且真正帮助关注者完成了从阅读到行动的 100 天实践。</p>\n\n<p>听完这个小讲，你将能够：\n获得可靠可复用的四步思维框架；\n克服短期情绪的影响，避免做出后悔的选择；\n掌握简便高效的精华决策模式，面对选择不再纠结；\n更加从容地面对婚姻、职业选择等重要的人生节点。</p>\n\n<p>谁不可错过这次小讲：\n选择恐惧症患者；\n习惯草率做决定的人；\n正为过去的一些选择而后悔的你。</p>\n\n<p>现在购买，还可以通过小讲圈与我互动。我会定期回答小讲圈的问题，帮你更加充分地利用好这四步方法。</p>\n</div>', '3', '1', '0', '0');
INSERT INTO `fd_smalltalk` VALUES ('32', '5', '零基础变身朋友圈摄影高手', '12', 'https://medias.zaih.com/FtY5Hjae5eghX6vdxVUBOzQX-kz7?imageView2/1/w/100', '45', '4', '<div id=\"description\" class=\"description-html\" data-reactid=\".0.2.0.1.0.1\"><p>你是否为过去的选择感到后悔？后悔职业选择出现偏差，没早做买房决策……我将系统的决策方法整理为4个简单问题，不仅能让你告别选择恐惧，更能帮你在人生重要节点做出不后悔的决定。没人能保证做对所有选择，但这个小讲能帮你少错一次。</p>\n\n<p>我是战隼，微信公众号warfalcon（read01）创始人，在多个平台有数百万粉丝。曾做过多年的管理咨询顾问，为国家电网公司、南方电网、中国电力投资集团公司等知名企业提供服务，对于策略分析及关键决策有深入的研究，并且成功将战略咨询的框架用到了自己的生活当中。同时我曾研究习惯培养8年时间，对决策的实施和坚持也积累了丰富的经验。我在2010年12月18日发起每天一本书活动，持续进行了379天，共看过419本书，并写下了378篇简评，在博客上分享了46本书的笔记以及16本书的思维导图。近年发起 100 天行动，引导数十万用户做出改变自己的决策，并且真正帮助关注者完成了从阅读到行动的 100 天实践。</p>\n\n<p>听完这个小讲，你将能够：\n获得可靠可复用的四步思维框架；\n克服短期情绪的影响，避免做出后悔的选择；\n掌握简便高效的精华决策模式，面对选择不再纠结；\n更加从容地面对婚姻、职业选择等重要的人生节点。</p>\n\n<p>谁不可错过这次小讲：\n选择恐惧症患者；\n习惯草率做决定的人；\n正为过去的一些选择而后悔的你。</p>\n\n<p>现在购买，还可以通过小讲圈与我互动。我会定期回答小讲圈的问题，帮你更加充分地利用好这四步方法。</p>\n</div>', '4', '1', '0', '0');
INSERT INTO `fd_smalltalk` VALUES ('33', '5', '练出好文笔：比喻的3个层次', '13', 'https://medias.zaih.com/722d8c73642c1642fc7b529be8cc_558x558.jpeg?imageView2/1/w/100', '26', '5', '<div id=\"description\" class=\"description-html\" data-reactid=\".0.2.0.1.0.1\"><p>很羡慕那些会理财的人，自己面对一堆理财产品却无从下手？想开始理财，却没有多余的钱可以用？狠心把刚性的短期支出用来投资，用钱的时候却拿不出来，十分被动。我将从7个维度为你解析产品是否值得投资，教你在满足开销需求的情况下收益最大化。<br>\n <br>\n我是简七，「简七理财」创始人，中信出版社签约作者，网易云课堂理财明星讲师，蚂蚁聚宝特聘理财有财教练。从西南财经大学财政专业毕业后，先后担任过德勤会计师事务所审计、税务咨询顾问及外企500强企业税务经理，并且凭借自己的专业知识和投资实践成为理财达人，30岁前就实现了财富自由。2013年，创立「简七理财」，致力于将纷繁复杂的理财投资知识变得简单易学，让每个普通人都能轻松上手提升收益。现已向近百万人普及了科学的理财观念和方法，旗下电台收听量、电子书下载量均超过百万，微信理财文章累计阅读量超过三千万。<br></p>\n\n<h3>听完这次小讲，你将了解：</h3>\n\n<ul>\n<li>入门：详解常见的四大类基础投资品；</li>\n<li>方法：7个维度判断产品是否值得投资；</li>\n<li>技巧：1个技巧提高货币基金收益率；</li>\n<li>示例：教你如何管理明确的目标开支。</li>\n</ul>\n\n<h3>谁需要这次小讲：</h3>\n\n<ul>\n<li>不知道如何挑选投资品的理财小白；</li>\n<li>想要将日常支出投资利益最大化的人；</li>\n<li>有明确目标开支的理财人。</li>\n</ul>\n\n<p><br>现在购买，还可以通过小讲圈与我互动，我会定期回答小讲圈的优质问题，与你分享更多独家经验。</p>\n</div>', '5', '1', '0', '0');
INSERT INTO `fd_smalltalk` VALUES ('34', '5', '会喝更会聊，6个词秒懂葡萄酒', '14', 'https://medias.zaih.com/FikjmyeJcApFhxrlRqbvPe0xzimn?imageView2/1/w/100', '47', '9', '<div id=\"description\" class=\"description-html\" data-reactid=\".0.2.0.1.0.1\"><p>很羡慕那些会理财的人，自己面对一堆理财产品却无从下手？想开始理财，却没有多余的钱可以用？狠心把刚性的短期支出用来投资，用钱的时候却拿不出来，十分被动。我将从7个维度为你解析产品是否值得投资，教你在满足开销需求的情况下收益最大化。<br>\n <br>\n我是简七，「简七理财」创始人，中信出版社签约作者，网易云课堂理财明星讲师，蚂蚁聚宝特聘理财有财教练。从西南财经大学财政专业毕业后，先后担任过德勤会计师事务所审计、税务咨询顾问及外企500强企业税务经理，并且凭借自己的专业知识和投资实践成为理财达人，30岁前就实现了财富自由。2013年，创立「简七理财」，致力于将纷繁复杂的理财投资知识变得简单易学，让每个普通人都能轻松上手提升收益。现已向近百万人普及了科学的理财观念和方法，旗下电台收听量、电子书下载量均超过百万，微信理财文章累计阅读量超过三千万。<br></p>\n\n<h3>听完这次小讲，你将了解：</h3>\n\n<ul>\n<li>入门：详解常见的四大类基础投资品；</li>\n<li>方法：7个维度判断产品是否值得投资；</li>\n<li>技巧：1个技巧提高货币基金收益率；</li>\n<li>示例：教你如何管理明确的目标开支。</li>\n</ul>\n\n<h3>谁需要这次小讲：</h3>\n\n<ul>\n<li>不知道如何挑选投资品的理财小白；</li>\n<li>想要将日常支出投资利益最大化的人；</li>\n<li>有明确目标开支的理财人。</li>\n</ul>\n\n<p><br>现在购买，还可以通过小讲圈与我互动，我会定期回答小讲圈的优质问题，与你分享更多独家经验。</p>\n</div>', '6', '1', '0', '0');
INSERT INTO `fd_smalltalk` VALUES ('35', '5', '极简天文课：天文学家带你了解黑洞', '15', 'https://medias.zaih.com/Fg7mHqVgc3RqhOwqLFDTn1Ty4HUf?imageView2/1/w/100', '28', '10', '<div id=\"description\" class=\"description-html\" data-reactid=\".0.2.0.1.0.1\"><p>很羡慕那些会理财的人，自己面对一堆理财产品却无从下手？想开始理财，却没有多余的钱可以用？狠心把刚性的短期支出用来投资，用钱的时候却拿不出来，十分被动。我将从7个维度为你解析产品是否值得投资，教你在满足开销需求的情况下收益最大化。<br>\n <br>\n我是简七，「简七理财」创始人，中信出版社签约作者，网易云课堂理财明星讲师，蚂蚁聚宝特聘理财有财教练。从西南财经大学财政专业毕业后，先后担任过德勤会计师事务所审计、税务咨询顾问及外企500强企业税务经理，并且凭借自己的专业知识和投资实践成为理财达人，30岁前就实现了财富自由。2013年，创立「简七理财」，致力于将纷繁复杂的理财投资知识变得简单易学，让每个普通人都能轻松上手提升收益。现已向近百万人普及了科学的理财观念和方法，旗下电台收听量、电子书下载量均超过百万，微信理财文章累计阅读量超过三千万。<br></p>\n\n<h3>听完这次小讲，你将了解：</h3>\n\n<ul>\n<li>入门：详解常见的四大类基础投资品；</li>\n<li>方法：7个维度判断产品是否值得投资；</li>\n<li>技巧：1个技巧提高货币基金收益率；</li>\n<li>示例：教你如何管理明确的目标开支。</li>\n</ul>\n\n<h3>谁需要这次小讲：</h3>\n\n<ul>\n<li>不知道如何挑选投资品的理财小白；</li>\n<li>想要将日常支出投资利益最大化的人；</li>\n<li>有明确目标开支的理财人。</li>\n</ul>\n\n<p><br>现在购买，还可以通过小讲圈与我互动，我会定期回答小讲圈的优质问题，与你分享更多独家经验。</p>\n</div>', '7', '1', '0', '0');

-- ----------------------------
-- Table structure for fd_smalltalk_audio
-- ----------------------------
DROP TABLE IF EXISTS `fd_smalltalk_audio`;
CREATE TABLE `fd_smalltalk_audio` (
  `id` int(11) NOT NULL AUTO_INCREMENT,
  `audio_name` varchar(255) DEFAULT NULL,
  `audio` varchar(255) DEFAULT NULL,
  `duration` varchar(255) DEFAULT NULL,
  `smalltalk_content_id` int(11) NOT NULL DEFAULT '0',
  PRIMARY KEY (`id`)
) ENGINE=MyISAM AUTO_INCREMENT=387 DEFAULT CHARSET=utf8;

-- ----------------------------
-- Records of fd_smalltalk_audio
-- ----------------------------
INSERT INTO `fd_smalltalk_audio` VALUES ('1', '「读书无得」到底有哪些原因', null, '01:38', '1');
INSERT INTO `fd_smalltalk_audio` VALUES ('2', '仙丹其实是不切实际的幻想', null, '02:20', '2');
INSERT INTO `fd_smalltalk_audio` VALUES ('3', '药方：从当下的问题出发', null, '02:16', '2');
INSERT INTO `fd_smalltalk_audio` VALUES ('4', '这样读书，是最没效率的学习方式', null, '02:30', '3');
INSERT INTO `fd_smalltalk_audio` VALUES ('5', '药方：量化阅读的3个层次', null, '02:27', '3');
INSERT INTO `fd_smalltalk_audio` VALUES ('6', '依赖干货，会给你带来哪些问题', null, '02:15', '4');
INSERT INTO `fd_smalltalk_audio` VALUES ('7', '药方：2招升级你的阅读方法', null, '01:58', '4');
INSERT INTO `fd_smalltalk_audio` VALUES ('8', '简单一招，解决屯书不看的问题', null, '02:29', '5');
INSERT INTO `fd_smalltalk_audio` VALUES ('9', '「读书无得」到底有哪些原因', null, '01:38', '6');
INSERT INTO `fd_smalltalk_audio` VALUES ('10', '仙丹其实是不切实际的幻想', null, '02:20', '7');
INSERT INTO `fd_smalltalk_audio` VALUES ('11', '药方：从当下的问题出发', null, '02:16', '7');
INSERT INTO `fd_smalltalk_audio` VALUES ('12', '这样读书，是最没效率的学习方式', null, '02:30', '8');
INSERT INTO `fd_smalltalk_audio` VALUES ('13', '药方：量化阅读的3个层次', null, '02:27', '8');
INSERT INTO `fd_smalltalk_audio` VALUES ('14', '依赖干货，会给你带来哪些问题', null, '02:15', '9');
INSERT INTO `fd_smalltalk_audio` VALUES ('15', '药方：2招升级你的阅读方法', null, '01:58', '9');
INSERT INTO `fd_smalltalk_audio` VALUES ('16', '简单一招，解决屯书不看的问题', null, '02:29', '10');
INSERT INTO `fd_smalltalk_audio` VALUES ('17', '沟通的艺术：会聊天有多重要', null, '03:09', '11');
INSERT INTO `fd_smalltalk_audio` VALUES ('18', '寻找相似性，巧妙设置开场话题', null, '03:20', '12');
INSERT INTO `fd_smalltalk_audio` VALUES ('19', '提问有技巧，快速进入互动状态', null, '02:42', '12');
INSERT INTO `fd_smalltalk_audio` VALUES ('20', '3招摆脱陌生感，像朋友一样聊天', null, '04:41', '13');
INSERT INTO `fd_smalltalk_audio` VALUES ('21', '认真聆听，及时给予对方反馈', null, '04:22', '14');
INSERT INTO `fd_smalltalk_audio` VALUES ('22', '合理表达自己的感受', null, '02:35', '14');
INSERT INTO `fd_smalltalk_audio` VALUES ('23', '过于内向，害怕把观点引向自己', null, '01:50', '15');
INSERT INTO `fd_smalltalk_audio` VALUES ('24', '只问问题，不跟对方进行交互', null, '02:15', '15');
INSERT INTO `fd_smalltalk_audio` VALUES ('25', '忽略暗示，读不懂对方的潜台词', null, '01:14', '15');
INSERT INTO `fd_smalltalk_audio` VALUES ('26', '带一本纸质书送给对方', null, '01:25', '16');
INSERT INTO `fd_smalltalk_audio` VALUES ('27', '主动提出一个有普适性的话题', null, '01:10', '16');
INSERT INTO `fd_smalltalk_audio` VALUES ('28', '培养一个能作为谈资的爱好', null, '01:10', '16');
INSERT INTO `fd_smalltalk_audio` VALUES ('29', '《最强大脑》中国队队长李威推荐', null, '00:58', '17');
INSERT INTO `fd_smalltalk_audio` VALUES ('30', '《最强大脑》汉字女英雄胡小玲推荐', null, '00:58', '17');
INSERT INTO `fd_smalltalk_audio` VALUES ('31', '牢记姓名与面孔', null, '03:34', '18');
INSERT INTO `fd_smalltalk_audio` VALUES ('32', '人名既难记又好记', null, '05:38', '19');
INSERT INTO `fd_smalltalk_audio` VALUES ('33', '巧记人名的记忆魔法', null, '04:39', '19');
INSERT INTO `fd_smalltalk_audio` VALUES ('34', '人名记忆提速的训练方法', null, '03:17', '19');
INSERT INTO `fd_smalltalk_audio` VALUES ('35', '整体感知面孔的技巧', null, '04:59', '20');
INSERT INTO `fd_smalltalk_audio` VALUES ('36', '局部观察面孔的技巧', null, '05:44', '20');
INSERT INTO `fd_smalltalk_audio` VALUES ('37', '配对联想法的使用法则', null, '02:27', '21');
INSERT INTO `fd_smalltalk_audio` VALUES ('38', '人名与面孔记忆实例讲解', null, '06:46', '21');
INSERT INTO `fd_smalltalk_audio` VALUES ('39', '日常生活实用记忆训练法', null, '04:17', '22');
INSERT INTO `fd_smalltalk_audio` VALUES ('40', '坚持练习，享受记忆的乐趣', null, '01:16', '22');
INSERT INTO `fd_smalltalk_audio` VALUES ('41', '古典：知识爆炸时代，更需要成甲', null, '01:19', '23');
INSERT INTO `fd_smalltalk_audio` VALUES ('42', '我们为什么要高效阅读', null, '01:26', '24');
INSERT INTO `fd_smalltalk_audio` VALUES ('43', '误区一：读书就是要读完书', null, '02:20', '25');
INSERT INTO `fd_smalltalk_audio` VALUES ('44', '误区二：你还在一页一页读书吗', null, '01:33', '25');
INSERT INTO `fd_smalltalk_audio` VALUES ('45', '让读书为我们服务', null, '02:03', '26');
INSERT INTO `fd_smalltalk_audio` VALUES ('46', '第一步：5分钟破解全书', null, '05:36', '26');
INSERT INTO `fd_smalltalk_audio` VALUES ('47', '第二步：先写答案再看答案', null, '02:39', '26');
INSERT INTO `fd_smalltalk_audio` VALUES ('48', '第三步：结硬寨，打呆仗', null, '09:06', '26');
INSERT INTO `fd_smalltalk_audio` VALUES ('49', '第四步：判断是否扩大战役', null, '02:53', '26');
INSERT INTO `fd_smalltalk_audio` VALUES ('50', '怎样标记书中的重点内容', null, '01:58', '27');
INSERT INTO `fd_smalltalk_audio` VALUES ('51', '遇到读不懂的地方怎么办', null, '01:39', '27');
INSERT INTO `fd_smalltalk_audio` VALUES ('52', '读书太多后，该怎么管理这些知识', null, '03:36', '27');
INSERT INTO `fd_smalltalk_audio` VALUES ('53', '高效阅读的核心与进阶', null, '01:49', '28');
INSERT INTO `fd_smalltalk_audio` VALUES ('54', '测测你的嗓子还好吗', null, '02:07', '29');
INSERT INTO `fd_smalltalk_audio` VALUES ('55', '详解发声原理：声和音原来不是一回事', null, '00:42', '30');
INSERT INTO `fd_smalltalk_audio` VALUES ('56', '气息和声音有什么关系', null, '02:06', '30');
INSERT INTO `fd_smalltalk_audio` VALUES ('57', '控制呼气的3个要领', null, '03:23', '30');
INSERT INTO `fd_smalltalk_audio` VALUES ('58', '示范练习：用唱歌改善气息问题', null, '02:26', '30');
INSERT INTO `fd_smalltalk_audio` VALUES ('59', '会呼吸才能说好话：揭秘4种呼吸方式', null, '04:54', '31');
INSERT INTO `fd_smalltalk_audio` VALUES ('60', '呼吸方式与情绪之间的对应关系', null, '02:43', '31');
INSERT INTO `fd_smalltalk_audio` VALUES ('61', '腹式呼吸的重要性', null, '02:21', '31');
INSERT INTO `fd_smalltalk_audio` VALUES ('62', '2个诀窍，练好腹式呼吸', null, '06:17', '31');
INSERT INTO `fd_smalltalk_audio` VALUES ('63', '再次测试你的声音', null, '00:41', '31');
INSERT INTO `fd_smalltalk_audio` VALUES ('64', '什么叫深吸慢呼', null, '00:37', '32');
INSERT INTO `fd_smalltalk_audio` VALUES ('65', '深吸慢呼的3大原则', null, '01:09', '32');
INSERT INTO `fd_smalltalk_audio` VALUES ('66', '3个练习方法，帮你快速掌握诀窍', null, '03:13', '33');
INSERT INTO `fd_smalltalk_audio` VALUES ('67', '3个练习方法，帮你快速掌握诀窍', null, '01:28', '34');
INSERT INTO `fd_smalltalk_audio` VALUES ('68', '讲义', null, '00:32', '35');
INSERT INTO `fd_smalltalk_audio` VALUES ('69', '三分钟热度的困扰', null, '02:26', '36');
INSERT INTO `fd_smalltalk_audio` VALUES ('70', '好习惯能给我们带来什么', null, '02:20', '36');
INSERT INTO `fd_smalltalk_audio` VALUES ('71', '21天就能养成习惯吗', null, '02:22', '37');
INSERT INTO `fd_smalltalk_audio` VALUES ('72', '习惯养成后就能一劳永逸吗', null, '03:08', '37');
INSERT INTO `fd_smalltalk_audio` VALUES ('73', '基本原则：开始多做一件事情', null, '03:55', '38');
INSERT INTO `fd_smalltalk_audio` VALUES ('74', '进阶原则：学会给生活做减法', null, '02:20', '38');
INSERT INTO `fd_smalltalk_audio` VALUES ('75', '高级原则：单点切入，重构生活', null, '02:48', '38');
INSERT INTO `fd_smalltalk_audio` VALUES ('76', '学习系统VS行动系统', null, '01:56', '39');
INSERT INTO `fd_smalltalk_audio` VALUES ('77', '如何在失败转折点成功逆袭', null, '01:42', '39');
INSERT INTO `fd_smalltalk_audio` VALUES ('78', '懒癌患者的持续进步之道', null, '01:58', '39');
INSERT INTO `fd_smalltalk_audio` VALUES ('79', '想放弃？不如和自己来个谈判', null, '01:56', '40');
INSERT INTO `fd_smalltalk_audio` VALUES ('80', '最后一滴鸡血和最后一个秘密', null, '01:51', '40');
INSERT INTO `fd_smalltalk_audio` VALUES ('81', '你曾为过去的选择后悔过吗', null, '02:25', '45');
INSERT INTO `fd_smalltalk_audio` VALUES ('82', '不会决策，就别谈什么人生赢家', null, '01:28', '45');
INSERT INTO `fd_smalltalk_audio` VALUES ('83', '和你聊聊我自己的故事', null, '01:37', '46');
INSERT INTO `fd_smalltalk_audio` VALUES ('84', '思维狭隘就死定了', null, '02:20', '47');
INSERT INTO `fd_smalltalk_audio` VALUES ('85', '让其他人帮你找到更多选择', null, '01:50', '48');
INSERT INTO `fd_smalltalk_audio` VALUES ('86', '反过来走走也不错', null, '04:37', '48');
INSERT INTO `fd_smalltalk_audio` VALUES ('87', '听听路人甲的故事？', null, '03:08', '48');
INSERT INTO `fd_smalltalk_audio` VALUES ('88', '小实践，大真知', null, '03:09', '49');
INSERT INTO `fd_smalltalk_audio` VALUES ('89', '短期情绪是个坑', null, '03:07', '49');
INSERT INTO `fd_smalltalk_audio` VALUES ('90', '不想后悔，就一定要考虑这个因素', null, '02:37', '50');
INSERT INTO `fd_smalltalk_audio` VALUES ('91', '游戏怎么通关？预判是王道', null, '01:45', '51');
INSERT INTO `fd_smalltalk_audio` VALUES ('92', '四次发问，人生大问题就该这么思考', null, '03:47', '52');
INSERT INTO `fd_smalltalk_audio` VALUES ('93', '选择仍然很艰难？你还没解决这个问题', null, '01:46', '52');
INSERT INTO `fd_smalltalk_audio` VALUES ('94', '面试获得高薪只是一时，并不重要', null, '01:36', '53');
INSERT INTO `fd_smalltalk_audio` VALUES ('95', '薪资谈判中，你先开价就输了吗', null, '01:25', '53');
INSERT INTO `fd_smalltalk_audio` VALUES ('96', '到处面试费时间，只挑最心仪的面吗', null, '01:49', '53');
INSERT INTO `fd_smalltalk_audio` VALUES ('97', '骑驴找马效率低，又显得不职业', null, '01:37', '53');
INSERT INTO `fd_smalltalk_audio` VALUES ('98', '如何在整场面试中掌握主动', null, '01:42', '54');
INSERT INTO `fd_smalltalk_audio` VALUES ('99', '展现自己的优势也会减分吗', null, '02:10', '54');
INSERT INTO `fd_smalltalk_audio` VALUES ('100', '被当场难住也会加分吗', null, '02:17', '54');
INSERT INTO `fd_smalltalk_audio` VALUES ('101', '向对方提问，一定别给自己挖坑', null, '02:08', '54');
INSERT INTO `fd_smalltalk_audio` VALUES ('102', '怎么应对面试官的杀价', null, '01:32', '54');
INSERT INTO `fd_smalltalk_audio` VALUES ('103', '面试官职位不同，谈薪策略大有差别', null, '01:58', '54');
INSERT INTO `fd_smalltalk_audio` VALUES ('104', '致谢，是赢得高薪的最后一击', null, '01:16', '54');
INSERT INTO `fd_smalltalk_audio` VALUES ('105', '什么样的离职原因会让你加分', null, '02:36', '54');
INSERT INTO `fd_smalltalk_audio` VALUES ('106', '赠送：一条超实用小技巧', null, '02:19', '55');
INSERT INTO `fd_smalltalk_audio` VALUES ('107', '你曾因没钱焦虑过吗', null, '01:26', '56');
INSERT INTO `fd_smalltalk_audio` VALUES ('108', '投资的起点，可能和你想的不一样', null, '03:21', '57');
INSERT INTO `fd_smalltalk_audio` VALUES ('109', '投资前你不可不知的3个要点', null, '04:29', '57');
INSERT INTO `fd_smalltalk_audio` VALUES ('110', '晚开始几年，你可能要追赶一辈子', null, '05:03', '57');
INSERT INTO `fd_smalltalk_audio` VALUES ('111', '财富水池，收纳你的各种用钱需求', null, '01:37', '58');
INSERT INTO `fd_smalltalk_audio` VALUES ('112', '生活的安全防线——保险池', null, '01:16', '58');
INSERT INTO `fd_smalltalk_audio` VALUES ('113', '我们的零钱管家——现金池', null, '01:16', '58');
INSERT INTO `fd_smalltalk_audio` VALUES ('114', '管理日常大额支出——目标池', null, '01:13', '58');
INSERT INTO `fd_smalltalk_audio` VALUES ('115', '资产增值加速器——金鹅池', null, '01:24', '58');
INSERT INTO `fd_smalltalk_audio` VALUES ('116', '四个水池，如何搭配使用', null, '02:18', '58');
INSERT INTO `fd_smalltalk_audio` VALUES ('117', '做好规划，实现人生每一个小目标', null, '04:24', '59');
INSERT INTO `fd_smalltalk_audio` VALUES ('118', '入门投资理财的2大原则', null, '00:55', '60');
INSERT INTO `fd_smalltalk_audio` VALUES ('119', '分散投资就够了吗', null, '04:02', '61');
INSERT INTO `fd_smalltalk_audio` VALUES ('120', '提高收益、降低风险有秘诀', null, '01:23', '61');
INSERT INTO `fd_smalltalk_audio` VALUES ('121', '长期稳定赚钱，必备的投资工具', null, '03:02', '62');
INSERT INTO `fd_smalltalk_audio` VALUES ('122', '极简投资组合，省心也有高收益', null, '01:03', '62');
INSERT INTO `fd_smalltalk_audio` VALUES ('123', '最适合上班族的投资方式', null, '02:10', '62');
INSERT INTO `fd_smalltalk_audio` VALUES ('124', '不同年龄阶段的投资重点', null, '01:33', '63');
INSERT INTO `fd_smalltalk_audio` VALUES ('125', '5万元如何投资？职场新生代乐乐案例', null, '01:16', '63');
INSERT INTO `fd_smalltalk_audio` VALUES ('126', '50万元如何投资？职场妈妈Vivian案例', null, '02:00', '63');
INSERT INTO `fd_smalltalk_audio` VALUES ('127', '100万元如何投资？事业有成的John案例', null, '01:16', '63');
INSERT INTO `fd_smalltalk_audio` VALUES ('128', '3步制定第一份资产配置方案', null, '01:36', '64');
INSERT INTO `fd_smalltalk_audio` VALUES ('129', '从花钱与赚钱说起', null, '01:46', '65');
INSERT INTO `fd_smalltalk_audio` VALUES ('130', '重新认识余额宝', null, '01:01', '66');
INSERT INTO `fd_smalltalk_audio` VALUES ('131', '投资理财，离不开的四类基础资产', null, '02:05', '66');
INSERT INTO `fd_smalltalk_audio` VALUES ('132', '7个维度，判断产品是否值得投资', null, '05:54', '66');
INSERT INTO `fd_smalltalk_audio` VALUES ('133', '1个技巧，提高货币基金收益率', null, '03:48', '67');
INSERT INTO `fd_smalltalk_audio` VALUES ('134', '要交的房租/房贷，投资这些赚更多', null, '04:44', '68');
INSERT INTO `fd_smalltalk_audio` VALUES ('135', '有弹性的小目标，试试债券基金', null, '02:25', '68');
INSERT INTO `fd_smalltalk_audio` VALUES ('136', '4个步骤，开始尝试投资新品', null, '01:25', '69');
INSERT INTO `fd_smalltalk_audio` VALUES ('137', '从花钱与赚钱说起', null, '01:46', '70');
INSERT INTO `fd_smalltalk_audio` VALUES ('138', '重新认识余额宝', null, '01:01', '71');
INSERT INTO `fd_smalltalk_audio` VALUES ('139', '投资理财，离不开的四类基础资产', null, '02:05', '71');
INSERT INTO `fd_smalltalk_audio` VALUES ('140', '7个维度，判断产品是否值得投资', null, '05:54', '71');
INSERT INTO `fd_smalltalk_audio` VALUES ('141', '1个技巧，提高货币基金收益率', null, '03:48', '72');
INSERT INTO `fd_smalltalk_audio` VALUES ('142', '要交的房租/房贷，投资这些赚更多', null, '04:44', '73');
INSERT INTO `fd_smalltalk_audio` VALUES ('143', '有弹性的小目标，试试债券基金', null, '02:25', '73');
INSERT INTO `fd_smalltalk_audio` VALUES ('144', '4个步骤，开始尝试投资新品', null, '01:25', '74');
INSERT INTO `fd_smalltalk_audio` VALUES ('145', '为自己和家庭设置好安全防线', null, '03:25', '75');
INSERT INTO `fd_smalltalk_audio` VALUES ('146', '识别生活中的风险，用保险来转移', null, '01:57', '76');
INSERT INTO `fd_smalltalk_audio` VALUES ('147', '普通家庭，必备的商业保险有哪些', null, '03:39', '76');
INSERT INTO `fd_smalltalk_audio` VALUES ('148', '单身期保险怎么买', null, '01:39', '77');
INSERT INTO `fd_smalltalk_audio` VALUES ('149', '三口之家，如何配置保险', null, '01:10', '77');
INSERT INTO `fd_smalltalk_audio` VALUES ('150', '父母的保险怎么买', null, '01:33', '77');
INSERT INTO `fd_smalltalk_audio` VALUES ('151', '我该花多少钱买保险', null, '02:21', '78');
INSERT INTO `fd_smalltalk_audio` VALUES ('152', '确定保险要买多少保额', null, '03:29', '78');
INSERT INTO `fd_smalltalk_audio` VALUES ('153', '理想的保障方案超预算了怎么办', null, '01:31', '78');
INSERT INTO `fd_smalltalk_audio` VALUES ('154', '从零开始，给自己做个家庭保险方案', null, '02:09', '79');
INSERT INTO `fd_smalltalk_audio` VALUES ('155', '为什么你需要了解保险', null, '03:49', '80');
INSERT INTO `fd_smalltalk_audio` VALUES ('156', '为什么你需要这个小讲', null, '03:01', '80');
INSERT INTO `fd_smalltalk_audio` VALUES ('157', '保险公司会破产吗、我们的保单安全吗', null, '02:49', '81');
INSERT INTO `fd_smalltalk_audio` VALUES ('158', '买保险，大公司好还是小公司好', null, '01:27', '81');
INSERT INTO `fd_smalltalk_audio` VALUES ('159', '保险代理人靠谱吗', null, '02:42', '81');
INSERT INTO `fd_smalltalk_audio` VALUES ('160', '香港保险真的比大陆保险好吗', null, '03:34', '81');
INSERT INTO `fd_smalltalk_audio` VALUES ('161', '投保容易理赔难，是真的吗', null, '01:32', '81');
INSERT INTO `fd_smalltalk_audio` VALUES ('162', '买保险前的准备工作以及重要原则', null, '03:19', '82');
INSERT INTO `fd_smalltalk_audio` VALUES ('163', '怎样甄别一个优秀的重疾险', null, '04:10', '82');
INSERT INTO `fd_smalltalk_audio` VALUES ('164', '怎样甄别一个优秀的意外险和医疗险', null, '03:11', '82');
INSERT INTO `fd_smalltalk_audio` VALUES ('165', '怎样甄别一个优秀的寿险', null, '01:15', '82');
INSERT INTO `fd_smalltalk_audio` VALUES ('166', '如何聪明地投保才能更容易获得理赔', null, '01:53', '82');
INSERT INTO `fd_smalltalk_audio` VALUES ('167', '目前市面上性价比高的保险产品', null, '07:58', '83');
INSERT INTO `fd_smalltalk_audio` VALUES ('168', '20-30岁的单身族该如何挑选保险', null, '00:51', '83');
INSERT INTO `fd_smalltalk_audio` VALUES ('169', '30-40岁的一家三口该如何挑选保险', null, '03:26', '83');
INSERT INTO `fd_smalltalk_audio` VALUES ('170', '40岁以上的家庭该如何挑选保险', null, '00:50', '83');
INSERT INTO `fd_smalltalk_audio` VALUES ('171', '你必须要掌握的保险购买渠道', null, '01:32', '83');
INSERT INTO `fd_smalltalk_audio` VALUES ('172', '保险是我们生命中重要的保护伞', null, '04:02', '84');
INSERT INTO `fd_smalltalk_audio` VALUES ('173', '我是如何购买人生第一份保险的', null, '08:08', '85');
INSERT INTO `fd_smalltalk_audio` VALUES ('174', '减肥的三个误区，你中枪了吗', null, '02:44', '86');
INSERT INTO `fd_smalltalk_audio` VALUES ('175', '黄金正餐比例，其实做到很容易', null, '01:30', '87');
INSERT INTO `fd_smalltalk_audio` VALUES ('176', '什么？加餐反而能减肥', null, '01:16', '87');
INSERT INTO `fd_smalltalk_audio` VALUES ('177', '要想减肥就得好好吃肉', null, '00:59', '87');
INSERT INTO `fd_smalltalk_audio` VALUES ('178', '搞清目标，它们才是减肥的克星', null, '02:10', '87');
INSERT INTO `fd_smalltalk_audio` VALUES ('179', '吃什么菜最健康？吃彩虹', null, '01:24', '87');
INSERT INTO `fd_smalltalk_audio` VALUES ('180', '轻断食到底有没有效果', null, '01:46', '88');
INSERT INTO `fd_smalltalk_audio` VALUES ('181', '不想吃多又控制不住嘴，怎么办', null, '01:52', '88');
INSERT INTO `fd_smalltalk_audio` VALUES ('182', '吃了太多垃圾食品，不能“原谅”自己吗', null, '01:38', '88');
INSERT INTO `fd_smalltalk_audio` VALUES ('183', '三个小技巧，健康撸火锅', null, '02:26', '89');
INSERT INTO `fd_smalltalk_audio` VALUES ('184', '三明治汉堡怎么吃', null, '01:04', '89');
INSERT INTO `fd_smalltalk_audio` VALUES ('185', '撸串炸鸡啤酒也有健康吃法', null, '01:31', '89');
INSERT INTO `fd_smalltalk_audio` VALUES ('186', '放不下的蛋糕甜点冰淇淋', null, '01:33', '89');
INSERT INTO `fd_smalltalk_audio` VALUES ('187', '减肥的三个误区，你中枪了吗', null, '02:44', '90');
INSERT INTO `fd_smalltalk_audio` VALUES ('188', '黄金正餐比例，其实做到很容易', null, '01:30', '91');
INSERT INTO `fd_smalltalk_audio` VALUES ('189', '什么？加餐反而能减肥', null, '01:16', '91');
INSERT INTO `fd_smalltalk_audio` VALUES ('190', '要想减肥就得好好吃肉', null, '00:59', '91');
INSERT INTO `fd_smalltalk_audio` VALUES ('191', '搞清目标，它们才是减肥的克星', null, '02:10', '91');
INSERT INTO `fd_smalltalk_audio` VALUES ('192', '吃什么菜最健康？吃彩虹', null, '01:24', '91');
INSERT INTO `fd_smalltalk_audio` VALUES ('193', '轻断食到底有没有效果', null, '01:46', '92');
INSERT INTO `fd_smalltalk_audio` VALUES ('194', '不想吃多又控制不住嘴，怎么办', null, '01:52', '92');
INSERT INTO `fd_smalltalk_audio` VALUES ('195', '吃了太多垃圾食品，不能“原谅”自己吗', null, '01:38', '92');
INSERT INTO `fd_smalltalk_audio` VALUES ('196', '三个小技巧，健康撸火锅', null, '02:26', '93');
INSERT INTO `fd_smalltalk_audio` VALUES ('197', '三明治汉堡怎么吃', null, '01:04', '93');
INSERT INTO `fd_smalltalk_audio` VALUES ('198', '撸串炸鸡啤酒也有健康吃法', null, '01:31', '93');
INSERT INTO `fd_smalltalk_audio` VALUES ('199', '放不下的蛋糕甜点冰淇淋', null, '01:33', '93');
INSERT INTO `fd_smalltalk_audio` VALUES ('200', '减肥的决定因素其实是饮食', null, '01:45', '94');
INSERT INTO `fd_smalltalk_audio` VALUES ('201', '“模块化饮食”减肥法的3大优势', null, '04:46', '94');
INSERT INTO `fd_smalltalk_audio` VALUES ('202', '更适合中国人的基础代谢公式', null, '02:33', '95');
INSERT INTO `fd_smalltalk_audio` VALUES ('203', '一个简单乘法，算出每日热量消耗', null, '02:43', '95');
INSERT INTO `fd_smalltalk_audio` VALUES ('204', '减肥怎么少吃，大有讲究', null, '02:06', '96');
INSERT INTO `fd_smalltalk_audio` VALUES ('205', '一份食材表等于万能食谱', null, '08:05', '96');
INSERT INTO `fd_smalltalk_audio` VALUES ('206', '享受美食同时让自己健康瘦下来', null, '02:26', '96');
INSERT INTO `fd_smalltalk_audio` VALUES ('207', '模块化饮食使用小技巧', null, '03:04', '96');
INSERT INTO `fd_smalltalk_audio` VALUES ('208', 'NEAT：不用额外花时间的运动减肥法', null, '03:17', '96');
INSERT INTO `fd_smalltalk_audio` VALUES ('209', '减脂的同时，如何尽可能避免掉肌肉', null, '03:02', '97');
INSERT INTO `fd_smalltalk_audio` VALUES ('210', '增肌人群专用的饮食小技巧', null, '01:13', '97');
INSERT INTO `fd_smalltalk_audio` VALUES ('211', '减肥不变丑，越减越漂亮', null, '01:03', '98');
INSERT INTO `fd_smalltalk_audio` VALUES ('212', '减肥减错真的能让人老10岁吗', null, '02:16', '99');
INSERT INTO `fd_smalltalk_audio` VALUES ('213', '她减肥之后人怎么矮了', null, '01:45', '99');
INSERT INTO `fd_smalltalk_audio` VALUES ('214', '减肥减到“前扁后凹”，你听说过吗', null, '01:44', '99');
INSERT INTO `fd_smalltalk_audio` VALUES ('215', '“安全减肥”的2个原则', null, '02:26', '100');
INSERT INTO `fd_smalltalk_audio` VALUES ('216', '怎么保证最关键的蛋白质营养', null, '02:16', '100');
INSERT INTO `fd_smalltalk_audio` VALUES ('217', '减肥时如何做到“减肥不毁容”', null, '01:59', '100');
INSERT INTO `fd_smalltalk_audio` VALUES ('218', '怎么做到“减肥不减骨”', null, '02:07', '100');
INSERT INTO `fd_smalltalk_audio` VALUES ('219', '不妨吃点补充剂', null, '01:14', '101');
INSERT INTO `fd_smalltalk_audio` VALUES ('220', '适当安排力量训练', null, '01:51', '101');
INSERT INTO `fd_smalltalk_audio` VALUES ('221', '女生瘦腿为什么总是难以成功', null, '01:13', '102');
INSERT INTO `fd_smalltalk_audio` VALUES ('222', '真的能练哪儿就瘦哪儿吗', null, '02:06', '103');
INSERT INTO `fd_smalltalk_audio` VALUES ('223', '努力练腿，越练越粗', null, '03:47', '104');
INSERT INTO `fd_smalltalk_audio` VALUES ('224', '跑步跑错，也会粗腿', null, '04:47', '104');
INSERT INTO `fd_smalltalk_audio` VALUES ('225', '如果你是“肌肉腿”怎么办', null, '02:22', '104');
INSERT INTO `fd_smalltalk_audio` VALUES ('226', '饮食不注意，努力全白费', null, '01:53', '104');
INSERT INTO `fd_smalltalk_audio` VALUES ('227', '瘦腿还要翘臀，你该怎么做', null, '01:58', '105');
INSERT INTO `fd_smalltalk_audio` VALUES ('228', '3个动作，让你的全身比例更协调', null, '01:12', '105');
INSERT INTO `fd_smalltalk_audio` VALUES ('229', '不去健身房怎么完成瘦腿训练', null, '01:25', '105');
INSERT INTO `fd_smalltalk_audio` VALUES ('230', '市面上的瘦腿产品真的有效吗', null, '02:08', '106');
INSERT INTO `fd_smalltalk_audio` VALUES ('231', '网上流行的瘦腿大法真的有效吗', null, '02:25', '106');
INSERT INTO `fd_smalltalk_audio` VALUES ('232', '健身教练也在用的快速减肥法', null, '01:49', '107');
INSERT INTO `fd_smalltalk_audio` VALUES ('233', '快速减肥法，值得你尝试吗', null, '01:32', '108');
INSERT INTO `fd_smalltalk_audio` VALUES ('234', '“6天7斤法”的3大优势', null, '02:50', '108');
INSERT INTO `fd_smalltalk_audio` VALUES ('235', '想快速减重，这些食物一定不能吃', null, '04:15', '109');
INSERT INTO `fd_smalltalk_audio` VALUES ('236', '手把手教你制定合理的饮食计划', null, '04:34', '109');
INSERT INTO `fd_smalltalk_audio` VALUES ('237', '3个应急饮食小技巧', null, '02:58', '109');
INSERT INTO `fd_smalltalk_audio` VALUES ('238', '运动不是越多越好，满足这3点才行', null, '02:15', '110');
INSERT INTO `fd_smalltalk_audio` VALUES ('239', '短期快速减肥的注意事项', null, '02:29', '110');
INSERT INTO `fd_smalltalk_audio` VALUES ('240', '快速减肥药和减肥保健品靠谱吗', null, '04:54', '111');
INSERT INTO `fd_smalltalk_audio` VALUES ('241', '勇敢说“不”，建立健康的个人边界', null, '03:23', '112');
INSERT INTO `fd_smalltalk_audio` VALUES ('242', '个人边界的定义和2种分类', null, '03:55', '113');
INSERT INTO `fd_smalltalk_audio` VALUES ('243', '2个特点辨析不健康的边界', null, '03:14', '114');
INSERT INTO `fd_smalltalk_audio` VALUES ('244', '健康的边界：保护自己，彼此独立', null, '02:35', '114');
INSERT INTO `fd_smalltalk_audio` VALUES ('245', '第一步：明确自己对关系的期待', null, '03:32', '115');
INSERT INTO `fd_smalltalk_audio` VALUES ('246', '第二步：学会尊重自己的感受', null, '03:11', '115');
INSERT INTO `fd_smalltalk_audio` VALUES ('247', '第三步：学会拒绝，提出自己的需求', null, '03:40', '115');
INSERT INTO `fd_smalltalk_audio` VALUES ('248', '接纳不舒服的情绪，收获真的自由', null, '02:32', '116');
INSERT INTO `fd_smalltalk_audio` VALUES ('249', '勇敢说“不”，建立健康的个人边界', null, '03:23', '117');
INSERT INTO `fd_smalltalk_audio` VALUES ('250', '个人边界的定义和2种分类', null, '03:55', '118');
INSERT INTO `fd_smalltalk_audio` VALUES ('251', '2个特点辨析不健康的边界', null, '03:14', '119');
INSERT INTO `fd_smalltalk_audio` VALUES ('252', '健康的边界：保护自己，彼此独立', null, '02:35', '119');
INSERT INTO `fd_smalltalk_audio` VALUES ('253', '第一步：明确自己对关系的期待', null, '03:32', '120');
INSERT INTO `fd_smalltalk_audio` VALUES ('254', '第二步：学会尊重自己的感受', null, '03:11', '120');
INSERT INTO `fd_smalltalk_audio` VALUES ('255', '第三步：学会拒绝，提出自己的需求', null, '03:40', '120');
INSERT INTO `fd_smalltalk_audio` VALUES ('256', '接纳不舒服的情绪，收获真的自由', null, '02:32', '121');
INSERT INTO `fd_smalltalk_audio` VALUES ('257', '为什么你不敢提出自己的需求', null, '02:17', '122');
INSERT INTO `fd_smalltalk_audio` VALUES ('258', '自尊和自我概念', null, '01:59', '123');
INSERT INTO `fd_smalltalk_audio` VALUES ('259', '情境自尊与整体自尊', null, '04:40', '123');
INSERT INTO `fd_smalltalk_audio` VALUES ('260', '整体自尊是如何形成的', null, '01:40', '123');
INSERT INTO `fd_smalltalk_audio` VALUES ('261', '自尊建立的基础', null, '01:38', '123');
INSERT INTO `fd_smalltalk_audio` VALUES ('262', '早年经历和体验和自尊有什么关系', null, '02:40', '124');
INSERT INTO `fd_smalltalk_audio` VALUES ('263', '一个案例帮你理解负性信念', null, '01:51', '124');
INSERT INTO `fd_smalltalk_audio` VALUES ('264', '高自尊并不是健康的自尊', null, '04:51', '125');
INSERT INTO `fd_smalltalk_audio` VALUES ('265', '调整预期，破除不合理信念', null, '03:19', '125');
INSERT INTO `fd_smalltalk_audio` VALUES ('266', '7个步骤，制作你的优点记录本', null, '01:32', '125');
INSERT INTO `fd_smalltalk_audio` VALUES ('267', '迈出成长的第一步', null, '01:32', '126');
INSERT INTO `fd_smalltalk_audio` VALUES ('268', '人际关系出了问题，你该怎么办', null, '04:30', '127');
INSERT INTO `fd_smalltalk_audio` VALUES ('269', '摆脱误区，认清4种暴力沟通模式', null, '01:46', '128');
INSERT INTO `fd_smalltalk_audio` VALUES ('270', '暴力沟通为什么达不到效果', null, '02:34', '128');
INSERT INTO `fd_smalltalk_audio` VALUES ('271', '非暴力沟通及其关键点', null, '01:00', '129');
INSERT INTO `fd_smalltalk_audio` VALUES ('272', '如何区分观察和评价', null, '02:55', '129');
INSERT INTO `fd_smalltalk_audio` VALUES ('273', '避免使用模糊的词汇', null, '01:27', '129');
INSERT INTO `fd_smalltalk_audio` VALUES ('274', '区分感受和想法', null, '02:18', '130');
INSERT INTO `fd_smalltalk_audio` VALUES ('275', '懂得表达感受，沟通才有效', null, '01:43', '130');
INSERT INTO `fd_smalltalk_audio` VALUES ('276', '建立表达感受的词汇表', null, '02:06', '130');
INSERT INTO `fd_smalltalk_audio` VALUES ('277', '人们为什么不敢表达需要', null, '04:14', '131');
INSERT INTO `fd_smalltalk_audio` VALUES ('278', '2个案例，教你正确表达需要', null, '02:07', '131');
INSERT INTO `fd_smalltalk_audio` VALUES ('279', '个人成长中，表达经历的3个阶段', null, '02:55', '131');
INSERT INTO `fd_smalltalk_audio` VALUES ('280', '请人帮忙的错误姿势', null, '04:31', '132');
INSERT INTO `fd_smalltalk_audio` VALUES ('281', '如何提出明确、清晰的请求', null, '01:17', '132');
INSERT INTO `fd_smalltalk_audio` VALUES ('282', '非暴力沟通的5个要点', null, '01:17', '133');
INSERT INTO `fd_smalltalk_audio` VALUES ('283', '用倾听找到真实的人际关系', null, '02:06', '134');
INSERT INTO `fd_smalltalk_audio` VALUES ('284', '打断“倾听”，你在犯这样的错误吗', null, '04:52', '135');
INSERT INTO `fd_smalltalk_audio` VALUES ('285', '关于倾听的2种误区', null, '06:01', '135');
INSERT INTO `fd_smalltalk_audio` VALUES ('286', '倾听中：认真体会4种要素', null, '02:02', '136');
INSERT INTO `fd_smalltalk_audio` VALUES ('287', '倾听后：主动给予反馈', null, '01:47', '136');
INSERT INTO `fd_smalltalk_audio` VALUES ('288', '实践：提出反馈的3种方法', null, '05:02', '136');
INSERT INTO `fd_smalltalk_audio` VALUES ('289', '如何应对沟通中的倾听挑战', null, '04:13', '137');
INSERT INTO `fd_smalltalk_audio` VALUES ('290', '说对话得幸福，说错话爱情砸锅', null, '02:46', '138');
INSERT INTO `fd_smalltalk_audio` VALUES ('291', '男人只靠下半身思考', null, '01:14', '138');
INSERT INTO `fd_smalltalk_audio` VALUES ('292', '男人只是视觉动物', null, '01:00', '138');
INSERT INTO `fd_smalltalk_audio` VALUES ('293', '想要更有男人缘，你该怎么说', null, '04:15', '139');
INSERT INTO `fd_smalltalk_audio` VALUES ('294', '她这么说，让感情回春', null, '02:17', '139');
INSERT INTO `fd_smalltalk_audio` VALUES ('295', '想让男人心动不已，你该怎么说', null, '01:52', '139');
INSERT INTO `fd_smalltalk_audio` VALUES ('296', '说话怎能不对症下药', null, '03:50', '139');
INSERT INTO `fd_smalltalk_audio` VALUES ('297', '想让男人更上进，你该怎么说', null, '04:10', '139');
INSERT INTO `fd_smalltalk_audio` VALUES ('298', '学会了这几句话就够了吗', null, '04:10', '140');
INSERT INTO `fd_smalltalk_audio` VALUES ('299', '普京的提问：暗能量有用吗，危险吗', null, '02:53', '141');
INSERT INTO `fd_smalltalk_audio` VALUES ('300', '一场大辩论：中科院内讧，清华劝架！', null, '03:19', '141');
INSERT INTO `fd_smalltalk_audio` VALUES ('301', '学了许多科学知识，但科学到底是什么', null, '02:40', '141');
INSERT INTO `fd_smalltalk_audio` VALUES ('302', '亚里士多德与伽利略：科学方法的建立', null, '04:15', '142');
INSERT INTO `fd_smalltalk_audio` VALUES ('303', '集大成者牛顿：科学方法的进一步发展', null, '03:09', '142');
INSERT INTO `fd_smalltalk_audio` VALUES ('304', '爱因斯坦与霍金：刨根问底永不止息', null, '03:58', '142');
INSERT INTO `fd_smalltalk_audio` VALUES ('305', '科学的要素：目的、精神和方法', null, '03:49', '142');
INSERT INTO `fd_smalltalk_audio` VALUES ('306', '两个故事里体现的中国传统哲学和文化', null, '03:38', '143');
INSERT INTO `fd_smalltalk_audio` VALUES ('307', '中国古代的四大发明是科学吗', null, '03:30', '143');
INSERT INTO `fd_smalltalk_audio` VALUES ('308', '杨振宁为什么批判周易和天人合一', null, '02:58', '143');
INSERT INTO `fd_smalltalk_audio` VALUES ('309', '如何正确认识阴阳五行的观点', null, '03:28', '143');
INSERT INTO `fd_smalltalk_audio` VALUES ('310', '后宫佳丽三千？别做梦了', null, '02:09', '144');
INSERT INTO `fd_smalltalk_audio` VALUES ('311', '为什么一夫多妻没成为普遍现象', null, '02:13', '144');
INSERT INTO `fd_smalltalk_audio` VALUES ('312', '交配制度的生物学基础', null, '01:49', '145');
INSERT INTO `fd_smalltalk_audio` VALUES ('313', '象海豹：动物界的一夫多妻', null, '01:46', '145');
INSERT INTO `fd_smalltalk_audio` VALUES ('314', '黑猩猩：从蛋蛋中也能发现奥秘', null, '01:30', '145');
INSERT INTO `fd_smalltalk_audio` VALUES ('315', '孔雀：雌性的选择权', null, '02:35', '145');
INSERT INTO `fd_smalltalk_audio` VALUES ('316', '隐藏排卵期：人类身上的稀有特征', null, '02:12', '146');
INSERT INTO `fd_smalltalk_audio` VALUES ('317', '要养娃，家家有本难念的经', null, '02:23', '146');
INSERT INTO `fd_smalltalk_audio` VALUES ('318', '一夫一妻的价值', null, '02:02', '146');
INSERT INTO `fd_smalltalk_audio` VALUES ('319', '物种的群体趋势，和个人的选择自由', null, '01:58', '147');
INSERT INTO `fd_smalltalk_audio` VALUES ('320', '学会观察，去寻找更有意思的生活', null, '01:15', '148');
INSERT INTO `fd_smalltalk_audio` VALUES ('321', '走出过目不忘的误区', null, '03:21', '149');
INSERT INTO `fd_smalltalk_audio` VALUES ('322', '记忆与遗忘，兴趣来选择', null, '03:31', '149');
INSERT INTO `fd_smalltalk_audio` VALUES ('323', '像卷福一样观察', null, '01:55', '150');
INSERT INTO `fd_smalltalk_audio` VALUES ('324', '发现身边的无穷乐趣', null, '01:46', '150');
INSERT INTO `fd_smalltalk_audio` VALUES ('325', '大自然是最好的老师', null, '02:44', '150');
INSERT INTO `fd_smalltalk_audio` VALUES ('326', '用观察解决实际问题', null, '01:23', '150');
INSERT INTO `fd_smalltalk_audio` VALUES ('327', '一条蛇的解决方案', null, '01:46', '151');
INSERT INTO `fd_smalltalk_audio` VALUES ('328', '一个曲别针到底有多少用法', null, '02:53', '151');
INSERT INTO `fd_smalltalk_audio` VALUES ('329', '青花瓷小恐龙，再现侏罗纪', null, '03:35', '152');
INSERT INTO `fd_smalltalk_audio` VALUES ('330', '上帝视角与积水凤梨', null, '02:58', '152');
INSERT INTO `fd_smalltalk_audio` VALUES ('331', '慢慢来反而快', null, '01:32', '153');
INSERT INTO `fd_smalltalk_audio` VALUES ('332', '从容地变成一个更有趣的人', null, '02:59', '153');
INSERT INTO `fd_smalltalk_audio` VALUES ('333', '好文采，你也可以练出来', null, '04:28', '154');
INSERT INTO `fd_smalltalk_audio` VALUES ('334', '本体和喻体之间确实相似', null, '04:35', '155');
INSERT INTO `fd_smalltalk_audio` VALUES ('335', '合格的比喻应避免陈词滥调', null, '04:24', '155');
INSERT INTO `fd_smalltalk_audio` VALUES ('336', '为读者带来“美”', null, '08:02', '156');
INSERT INTO `fd_smalltalk_audio` VALUES ('337', '为读者带来“惊奇”', null, '10:47', '156');
INSERT INTO `fd_smalltalk_audio` VALUES ('338', '情感的标示和情节的暗示', null, '04:13', '157');
INSERT INTO `fd_smalltalk_audio` VALUES ('339', '使用比喻的最高境界', null, '06:58', '157');
INSERT INTO `fd_smalltalk_audio` VALUES ('340', '3个练习：提升文笔从现在开始', null, '02:10', '158');
INSERT INTO `fd_smalltalk_audio` VALUES ('341', '每个人都是生活的摄影师', null, '02:14', '159');
INSERT INTO `fd_smalltalk_audio` VALUES ('342', '2步学会构图，拍出有意境的旅行照', null, '02:04', '160');
INSERT INTO `fd_smalltalk_audio` VALUES ('343', '照片九宫格的秘密', null, '01:42', '160');
INSERT INTO `fd_smalltalk_audio` VALUES ('344', '统一色调，让照片在朋友圈里凸现出来', null, '01:36', '160');
INSERT INTO `fd_smalltalk_audio` VALUES ('345', '只需4步，普通照片也能变得高大上', null, '01:03', '160');
INSERT INTO `fd_smalltalk_audio` VALUES ('346', '一键统一色调，让照片更有视觉冲击力', null, '02:18', '161');
INSERT INTO `fd_smalltalk_audio` VALUES ('347', '百里挑一：全能后期选手snapseed', null, '02:11', '161');
INSERT INTO `fd_smalltalk_audio` VALUES ('348', '看不清人脸？轻松解救逆光照片', null, '01:34', '161');
INSERT INTO `fd_smalltalk_audio` VALUES ('349', '女生必备！轻松调出水嫩皮肤', null, '01:45', '161');
INSERT INTO `fd_smalltalk_audio` VALUES ('350', '连摄影师都未必知道的隐藏功能', null, '01:24', '161');
INSERT INTO `fd_smalltalk_audio` VALUES ('351', '修出超模大长腿，一秒瘦十斤', null, '02:08', '162');
INSERT INTO `fd_smalltalk_audio` VALUES ('352', '瘦脸瘦身小秘籍', null, '00:52', '162');
INSERT INTO `fd_smalltalk_audio` VALUES ('353', '美图功能小彩蛋：P掉抢镜路人', null, '01:05', '162');
INSERT INTO `fd_smalltalk_audio` VALUES ('354', 'vsco cam：拯救懒癌和手残党的神器', null, '01:20', '163');
INSERT INTO `fd_smalltalk_audio` VALUES ('355', '121个预设，买这3个就够了', null, '01:58', '163');
INSERT INTO `fd_smalltalk_audio` VALUES ('356', '期待下次再见', null, '01:08', '164');
INSERT INTO `fd_smalltalk_audio` VALUES ('357', '想勾引你喝一杯入门酒，很难吗', null, '01:53', '165');
INSERT INTO `fd_smalltalk_audio` VALUES ('358', '有关葡萄酒的这些小尴尬，你有过吗', null, '01:49', '165');
INSERT INTO `fd_smalltalk_audio` VALUES ('359', '世界最知名的产区，你当然得了解', null, '01:30', '166');
INSERT INTO `fd_smalltalk_audio` VALUES ('360', '好喝不贵的选酒密码：城堡、字母和箭', null, '07:44', '166');
INSERT INTO `fd_smalltalk_audio` VALUES ('361', '波尔多的口感，这样描述才专业', null, '01:19', '166');
INSERT INTO `fd_smalltalk_audio` VALUES ('362', '小白入门须知：葡萄园、有钱、超有钱', null, '05:24', '167');
INSERT INTO `fd_smalltalk_audio` VALUES ('363', '昂贵高冷，喝起来是这样', null, '02:58', '167');
INSERT INTO `fd_smalltalk_audio` VALUES ('364', '认准大写加粗的Champagne', null, '02:50', '168');
INSERT INTO `fd_smalltalk_audio` VALUES ('365', '入门的最好选择有哪些', null, '01:33', '168');
INSERT INTO `fd_smalltalk_audio` VALUES ('366', '进阶关键词：年代、桃红、酸度', null, '02:08', '168');
INSERT INTO `fd_smalltalk_audio` VALUES ('367', '密码1：麝香、颜值、性价比', null, '01:59', '169');
INSERT INTO `fd_smalltalk_audio` VALUES ('368', '密码2：腐烂、轻奢、甜蜜蜜', null, '01:09', '169');
INSERT INTO `fd_smalltalk_audio` VALUES ('369', '密码3：冰冻、逼格、限量品', null, '01:16', '169');
INSERT INTO `fd_smalltalk_audio` VALUES ('370', '新派旧派是个谜？', null, '01:52', '170');
INSERT INTO `fd_smalltalk_audio` VALUES ('371', '不可兼得？胡椒VS巧克力', null, '00:55', '170');
INSERT INTO `fd_smalltalk_audio` VALUES ('372', '暖男味，喝起来是这样', null, '00:53', '170');
INSERT INTO `fd_smalltalk_audio` VALUES ('373', '划重点，这三个字请你记住', null, '01:52', '171');
INSERT INTO `fd_smalltalk_audio` VALUES ('374', '酒标越美，滋味越美', null, '00:32', '171');
INSERT INTO `fd_smalltalk_audio` VALUES ('375', '小白入门密码：国际、东方、韵味', null, '01:33', '171');
INSERT INTO `fd_smalltalk_audio` VALUES ('376', '这样聊酒：优雅文艺有内涵', null, '02:17', '172');
INSERT INTO `fd_smalltalk_audio` VALUES ('377', '比主菜更有内涵', null, '04:00', '173');
INSERT INTO `fd_smalltalk_audio` VALUES ('378', '科学家要造出“吞噬地球”的黑洞吗', null, '04:35', '174');
INSERT INTO `fd_smalltalk_audio` VALUES ('379', '对撞机能够造出黑洞吗', null, '02:35', '174');
INSERT INTO `fd_smalltalk_audio` VALUES ('380', '霍金的黑洞蒸发理论到底说了什么', null, '02:30', '175');
INSERT INTO `fd_smalltalk_audio` VALUES ('381', '霍金的黑洞蒸发理论正确吗', null, '03:05', '175');
INSERT INTO `fd_smalltalk_audio` VALUES ('382', '霍金为什么拿不到诺奖', null, '02:47', '175');
INSERT INTO `fd_smalltalk_audio` VALUES ('383', '除了吞噬，黑洞还能干点有用的么', null, '03:48', '176');
INSERT INTO `fd_smalltalk_audio` VALUES ('384', '如果宇宙中的物质都落入黑洞了怎么办', null, '03:35', '176');
INSERT INTO `fd_smalltalk_audio` VALUES ('385', '爱因斯坦也会错吗', null, '02:41', '176');
INSERT INTO `fd_smalltalk_audio` VALUES ('386', '听说黑洞里有堵火墙，宇航员还能去吗', null, '02:26', '176');

-- ----------------------------
-- Table structure for fd_smalltalk_buy
-- ----------------------------
DROP TABLE IF EXISTS `fd_smalltalk_buy`;
CREATE TABLE `fd_smalltalk_buy` (
  `id` int(11) NOT NULL AUTO_INCREMENT,
  `smalltalk_id` int(11) NOT NULL DEFAULT '0',
  `user_id` int(11) NOT NULL DEFAULT '0',
  PRIMARY KEY (`id`)
) ENGINE=MyISAM DEFAULT CHARSET=utf8;

-- ----------------------------
-- Records of fd_smalltalk_buy
-- ----------------------------

-- ----------------------------
-- Table structure for fd_smalltalk_cate
-- ----------------------------
DROP TABLE IF EXISTS `fd_smalltalk_cate`;
CREATE TABLE `fd_smalltalk_cate` (
  `id` int(11) NOT NULL AUTO_INCREMENT,
  `cate_name` varchar(255) DEFAULT NULL,
  `status` tinyint(3) NOT NULL DEFAULT '1',
  PRIMARY KEY (`id`)
) ENGINE=MyISAM AUTO_INCREMENT=6 DEFAULT CHARSET=utf8;

-- ----------------------------
-- Records of fd_smalltalk_cate
-- ----------------------------
INSERT INTO `fd_smalltalk_cate` VALUES ('1', '职场·成长', '1');
INSERT INTO `fd_smalltalk_cate` VALUES ('2', '理财·房产', '1');
INSERT INTO `fd_smalltalk_cate` VALUES ('3', '生活·教育', '1');
INSERT INTO `fd_smalltalk_cate` VALUES ('4', '情感·心理', '1');
INSERT INTO `fd_smalltalk_cate` VALUES ('5', '兴趣·谈资', '1');

-- ----------------------------
-- Table structure for fd_smalltalk_content
-- ----------------------------
DROP TABLE IF EXISTS `fd_smalltalk_content`;
CREATE TABLE `fd_smalltalk_content` (
  `id` int(11) NOT NULL AUTO_INCREMENT,
  `title` varchar(255) DEFAULT NULL,
  `smalltalk_id` int(11) NOT NULL DEFAULT '0',
  PRIMARY KEY (`id`)
) ENGINE=MyISAM AUTO_INCREMENT=182 DEFAULT CHARSET=utf8;

-- ----------------------------
-- Records of fd_smalltalk_content
-- ----------------------------
INSERT INTO `fd_smalltalk_content` VALUES ('1', '1. 导语', '1');
INSERT INTO `fd_smalltalk_content` VALUES ('2', '2. 症状一：仙丹式阅读', '1');
INSERT INTO `fd_smalltalk_content` VALUES ('3', '3. 症状二：集邮式阅读', '1');
INSERT INTO `fd_smalltalk_content` VALUES ('4', '4. 症状三：干货依赖症', '1');
INSERT INTO `fd_smalltalk_content` VALUES ('5', '5. 彩蛋', '1');
INSERT INTO `fd_smalltalk_content` VALUES ('6', '1. 导语', '2');
INSERT INTO `fd_smalltalk_content` VALUES ('7', '2. 症状一：仙丹式阅读', '2');
INSERT INTO `fd_smalltalk_content` VALUES ('8', '3. 症状二：集邮式阅读', '2');
INSERT INTO `fd_smalltalk_content` VALUES ('9', '4. 症状三：干货依赖症', '2');
INSERT INTO `fd_smalltalk_content` VALUES ('10', '5. 彩蛋', '2');
INSERT INTO `fd_smalltalk_content` VALUES ('11', '1. 导语', '3');
INSERT INTO `fd_smalltalk_content` VALUES ('12', '2. 初次见面，如何寒暄才不尴尬', '3');
INSERT INTO `fd_smalltalk_content` VALUES ('13', '3. 沟通开始，如何才能拉近距离', '3');
INSERT INTO `fd_smalltalk_content` VALUES ('14', '4. 别怕冷场，2个技巧提升沟通效果', '3');
INSERT INTO `fd_smalltalk_content` VALUES ('15', '5. 聊天禁区：你需要小心的3个问题', '3');
INSERT INTO `fd_smalltalk_content` VALUES ('16', '6. 让你更受欢迎的3个小技巧', '3');
INSERT INTO `fd_smalltalk_content` VALUES ('17', '1. 《最强大脑》明星选手推荐语', '4');
INSERT INTO `fd_smalltalk_content` VALUES ('18', '2. 导语', '4');
INSERT INTO `fd_smalltalk_content` VALUES ('19', '3. 快速记忆人名的5条秘诀', '4');
INSERT INTO `fd_smalltalk_content` VALUES ('20', '4. 破解面孔奥秘的2种方法', '4');
INSERT INTO `fd_smalltalk_content` VALUES ('21', '5. 人名与面孔配对的独家技巧', '4');
INSERT INTO `fd_smalltalk_content` VALUES ('22', '6. 强化提升：在实践中扩展记忆', '4');
INSERT INTO `fd_smalltalk_content` VALUES ('23', '7. 结语', '4');
INSERT INTO `fd_smalltalk_content` VALUES ('24', '1. 推荐语', '5');
INSERT INTO `fd_smalltalk_content` VALUES ('25', '2. 引言', '5');
INSERT INTO `fd_smalltalk_content` VALUES ('26', '3. 读书新手的常见误区', '5');
INSERT INTO `fd_smalltalk_content` VALUES ('27', '4. 新手高效阅读的方法', '5');
INSERT INTO `fd_smalltalk_content` VALUES ('28', '5. 搭配使用的读书技巧', '5');
INSERT INTO `fd_smalltalk_content` VALUES ('29', '6. 总结', '5');
INSERT INTO `fd_smalltalk_content` VALUES ('30', '1. 导语：练好声音是都市生存的必备技能', '6');
INSERT INTO `fd_smalltalk_content` VALUES ('31', '2. 气息是声音的根本', '6');
INSERT INTO `fd_smalltalk_content` VALUES ('32', '3. 怎么训练自己的呼吸', '6');
INSERT INTO `fd_smalltalk_content` VALUES ('33', '4. 深吸慢呼是最佳选择', '6');
INSERT INTO `fd_smalltalk_content` VALUES ('34', '5. 课后作业', '6');
INSERT INTO `fd_smalltalk_content` VALUES ('35', '6. 讲义', '6');
INSERT INTO `fd_smalltalk_content` VALUES ('36', '1. 导语', '7');
INSERT INTO `fd_smalltalk_content` VALUES ('37', '2. 关于习惯的2个误区', '7');
INSERT INTO `fd_smalltalk_content` VALUES ('38', '3. 习惯养成的3个原则', '7');
INSERT INTO `fd_smalltalk_content` VALUES ('39', '4. 习惯神助攻：双向系统', '7');
INSERT INTO `fd_smalltalk_content` VALUES ('40', '5. 结语', '7');
INSERT INTO `fd_smalltalk_content` VALUES ('41', '1. 引言', '8');
INSERT INTO `fd_smalltalk_content` VALUES ('42', '2. 纸质书的高速阅读法', '8');
INSERT INTO `fd_smalltalk_content` VALUES ('43', '3. APP高速阅读法', '8');
INSERT INTO `fd_smalltalk_content` VALUES ('44', '4. 总结和推荐阅读材料', '8');
INSERT INTO `fd_smalltalk_content` VALUES ('45', '1. 有关决策这件事儿', '9');
INSERT INTO `fd_smalltalk_content` VALUES ('46', '2. 做决策有套路？有！', '9');
INSERT INTO `fd_smalltalk_content` VALUES ('47', '3. STEP1：拓宽选择范围', '9');
INSERT INTO `fd_smalltalk_content` VALUES ('48', '4. STEP2 : 多角度思维&实践', '9');
INSERT INTO `fd_smalltalk_content` VALUES ('49', '5. STEP3 : 情绪VS价值观', '9');
INSERT INTO `fd_smalltalk_content` VALUES ('50', '6. STEP 4 : 预先判断', '9');
INSERT INTO `fd_smalltalk_content` VALUES ('51', '7. 懒人精简版听这儿', '9');
INSERT INTO `fd_smalltalk_content` VALUES ('52', '8. 结语', '9');
INSERT INTO `fd_smalltalk_content` VALUES ('53', '1. 影响你获得高薪的错误观念', '10');
INSERT INTO `fd_smalltalk_content` VALUES ('54', '2. 面试的每个环节都是获得高薪的加分项', '10');
INSERT INTO `fd_smalltalk_content` VALUES ('55', '3. 超值赠送', '10');
INSERT INTO `fd_smalltalk_content` VALUES ('56', '1. 导语', '11');
INSERT INTO `fd_smalltalk_content` VALUES ('57', '2. 理财投资，要从哪里开始', '11');
INSERT INTO `fd_smalltalk_content` VALUES ('58', '3. 建立4个水池，开启理财投资之旅', '11');
INSERT INTO `fd_smalltalk_content` VALUES ('59', '4. 手把手用五步完成资金梳理', '11');
INSERT INTO `fd_smalltalk_content` VALUES ('60', '1. 导语', '12');
INSERT INTO `fd_smalltalk_content` VALUES ('61', '2. 90%的投资收益来自资产配置', '12');
INSERT INTO `fd_smalltalk_content` VALUES ('62', '3. 最适合普通人的长期投资工具', '12');
INSERT INTO `fd_smalltalk_content` VALUES ('63', '4. 3个案例，详解资产配置方法', '12');
INSERT INTO `fd_smalltalk_content` VALUES ('64', '5. 手把手教你设计资产配置方案', '12');
INSERT INTO `fd_smalltalk_content` VALUES ('65', '1. 导语', '13');
INSERT INTO `fd_smalltalk_content` VALUES ('66', '2. 90%的投资收益来自资产配置', '13');
INSERT INTO `fd_smalltalk_content` VALUES ('67', '3. 最适合普通人的长期投资工具', '13');
INSERT INTO `fd_smalltalk_content` VALUES ('68', '4. 3个案例，详解资产配置方法', '13');
INSERT INTO `fd_smalltalk_content` VALUES ('69', '5. 手把手教你设计资产配置方案', '13');
INSERT INTO `fd_smalltalk_content` VALUES ('70', '1. 导语', '14');
INSERT INTO `fd_smalltalk_content` VALUES ('71', '2. 投资前，先来热个身', '14');
INSERT INTO `fd_smalltalk_content` VALUES ('72', '3. 零钱投资：让收益再高一点', '14');
INSERT INTO `fd_smalltalk_content` VALUES ('73', '4. 大额开销：会花也要会赚', '14');
INSERT INTO `fd_smalltalk_content` VALUES ('74', '5. 手把手实践中短期投资理财', '14');
INSERT INTO `fd_smalltalk_content` VALUES ('75', '1. 导语', '15');
INSERT INTO `fd_smalltalk_content` VALUES ('76', '2. 普通家庭都需要哪些保险', '15');
INSERT INTO `fd_smalltalk_content` VALUES ('77', '3. 不同人生阶段，最该重点保障的是什么', '15');
INSERT INTO `fd_smalltalk_content` VALUES ('78', '4. 该花多少钱买保险，买多少保额才够', '15');
INSERT INTO `fd_smalltalk_content` VALUES ('79', '5. 手把手教你做规划', '15');
INSERT INTO `fd_smalltalk_content` VALUES ('80', '1. 序言', '16');
INSERT INTO `fd_smalltalk_content` VALUES ('81', '2. 理财到底是什么', '16');
INSERT INTO `fd_smalltalk_content` VALUES ('82', '3. 理财的第一个层次：管好工资卡', '16');
INSERT INTO `fd_smalltalk_content` VALUES ('83', '4. 理财的第二个层次：用余钱，聪明地钱生钱', '16');
INSERT INTO `fd_smalltalk_content` VALUES ('84', '5. 实例分享：我的理财成长之路', '16');
INSERT INTO `fd_smalltalk_content` VALUES ('85', '6. 总结', '16');
INSERT INTO `fd_smalltalk_content` VALUES ('86', '1. 减肥的三个误区', '17');
INSERT INTO `fd_smalltalk_content` VALUES ('87', '2. 健康减肥方法论', '17');
INSERT INTO `fd_smalltalk_content` VALUES ('88', '3. 减肥最常遇到的问题', '17');
INSERT INTO `fd_smalltalk_content` VALUES ('89', '4. 外食族的小窍门', '17');
INSERT INTO `fd_smalltalk_content` VALUES ('90', '1. 减肥的三个误区', '18');
INSERT INTO `fd_smalltalk_content` VALUES ('91', '2. 健康减肥方法论', '18');
INSERT INTO `fd_smalltalk_content` VALUES ('92', '3. 减肥最常遇到的问题', '18');
INSERT INTO `fd_smalltalk_content` VALUES ('93', '4. 外食族的小窍门', '18');
INSERT INTO `fd_smalltalk_content` VALUES ('94', '1. 导语', '19');
INSERT INTO `fd_smalltalk_content` VALUES ('95', '2. 知道消耗多少，才知道该吃多少', '19');
INSERT INTO `fd_smalltalk_content` VALUES ('96', '3. 模块化食材表：上百种食物随便选', '19');
INSERT INTO `fd_smalltalk_content` VALUES ('97', '4. 彩蛋：增肌人群减脂也能用“模块”', '19');
INSERT INTO `fd_smalltalk_content` VALUES ('98', '1. 导语', '20');
INSERT INTO `fd_smalltalk_content` VALUES ('99', '2. 别让颜值比脂肪更早流逝', '20');
INSERT INTO `fd_smalltalk_content` VALUES ('100', '3. 减肥怎么防止变老变丑', '20');
INSERT INTO `fd_smalltalk_content` VALUES ('101', '4. 减肥期间的其他保美小手段', '20');
INSERT INTO `fd_smalltalk_content` VALUES ('102', '1. 导语', '21');
INSERT INTO `fd_smalltalk_content` VALUES ('103', '2. 让身材变难看的瘦腿陷阱', '21');
INSERT INTO `fd_smalltalk_content` VALUES ('104', '3. 想瘦腿反而不能练腿？给你正确方案', '21');
INSERT INTO `fd_smalltalk_content` VALUES ('105', '4. 想要黄金身材，光瘦腿可不够', '21');
INSERT INTO `fd_smalltalk_content` VALUES ('106', '5. 彩蛋', '21');
INSERT INTO `fd_smalltalk_content` VALUES ('107', '1. 导语', '22');
INSERT INTO `fd_smalltalk_content` VALUES ('108', '2. 关于快速减肥，这些你必须先知道', '22');
INSERT INTO `fd_smalltalk_content` VALUES ('109', '3. “6天减7斤”的核心饮食技巧', '22');
INSERT INTO `fd_smalltalk_content` VALUES ('110', '4. 短期快速减肥的运动方案', '22');
INSERT INTO `fd_smalltalk_content` VALUES ('111', '5. 彩蛋', '22');
INSERT INTO `fd_smalltalk_content` VALUES ('112', '1. 导语', '23');
INSERT INTO `fd_smalltalk_content` VALUES ('113', '2. 什么是个人边界', '23');
INSERT INTO `fd_smalltalk_content` VALUES ('114', '3. 测试你的个人边界是否健康', '23');
INSERT INTO `fd_smalltalk_content` VALUES ('115', '4. 建立个人边界的三个步骤', '23');
INSERT INTO `fd_smalltalk_content` VALUES ('116', '5. 结语', '23');
INSERT INTO `fd_smalltalk_content` VALUES ('117', '1. 导语', '24');
INSERT INTO `fd_smalltalk_content` VALUES ('118', '2. 什么是个人边界', '24');
INSERT INTO `fd_smalltalk_content` VALUES ('119', '3. 测试你的个人边界是否健康', '24');
INSERT INTO `fd_smalltalk_content` VALUES ('120', '4. 建立个人边界的三个步骤', '24');
INSERT INTO `fd_smalltalk_content` VALUES ('121', '5. 结语', '24');
INSERT INTO `fd_smalltalk_content` VALUES ('122', '1. 导语', '25');
INSERT INTO `fd_smalltalk_content` VALUES ('123', '2. 4个心理学概念，帮你深入了解自己', '25');
INSERT INTO `fd_smalltalk_content` VALUES ('124', '3. 哪些因素在影响你的自尊水平', '25');
INSERT INTO `fd_smalltalk_content` VALUES ('125', '4. 如何提升自尊，重构人际关系', '25');
INSERT INTO `fd_smalltalk_content` VALUES ('126', '5. 结语', '25');
INSERT INTO `fd_smalltalk_content` VALUES ('127', '1. 导语', '26');
INSERT INTO `fd_smalltalk_content` VALUES ('128', '2. 别让暴力沟通继续伤害你的人际关系', '26');
INSERT INTO `fd_smalltalk_content` VALUES ('129', '3. 非暴力沟通第一步：观察', '26');
INSERT INTO `fd_smalltalk_content` VALUES ('130', '4. 非暴力沟通第二步：感受', '26');
INSERT INTO `fd_smalltalk_content` VALUES ('131', '5. 非暴力沟通第三步：需要', '26');
INSERT INTO `fd_smalltalk_content` VALUES ('132', '6. 非暴力沟通第四步：请求', '26');
INSERT INTO `fd_smalltalk_content` VALUES ('133', '7. 总结', '26');
INSERT INTO `fd_smalltalk_content` VALUES ('134', '1. 导语', '27');
INSERT INTO `fd_smalltalk_content` VALUES ('135', '2. 扫清误区，关于倾听你要先了解这些', '27');
INSERT INTO `fd_smalltalk_content` VALUES ('136', '3. 付诸行动，正确倾听的2个步骤', '27');
INSERT INTO `fd_smalltalk_content` VALUES ('137', '4. 结语', '27');
INSERT INTO `fd_smalltalk_content` VALUES ('138', '1. 关于爱情和男人你不知道的', '28');
INSERT INTO `fd_smalltalk_content` VALUES ('139', '2. 搞定男人的锦囊妙语', '28');
INSERT INTO `fd_smalltalk_content` VALUES ('140', '3. 超值附赠', '28');
INSERT INTO `fd_smalltalk_content` VALUES ('141', '1. 引言', '29');
INSERT INTO `fd_smalltalk_content` VALUES ('142', '2. 重新认识科学', '29');
INSERT INTO `fd_smalltalk_content` VALUES ('143', '3. 再看天人合一和阴阳五行', '29');
INSERT INTO `fd_smalltalk_content` VALUES ('144', '1. 导语', '30');
INSERT INTO `fd_smalltalk_content` VALUES ('145', '2. 动物界让人眼花缭乱的交配制度', '30');
INSERT INTO `fd_smalltalk_content` VALUES ('146', '3. 人类为什么会有一夫一妻倾向', '30');
INSERT INTO `fd_smalltalk_content` VALUES ('147', '4. 怎么面对演化的遗产', '30');
INSERT INTO `fd_smalltalk_content` VALUES ('148', '1. 引言', '31');
INSERT INTO `fd_smalltalk_content` VALUES ('149', '2. 关于记忆的那些事', '31');
INSERT INTO `fd_smalltalk_content` VALUES ('150', '3. 思考比了解更有趣，但远不及观察', '31');
INSERT INTO `fd_smalltalk_content` VALUES ('151', '4. 思维的发散：一题多解', '31');
INSERT INTO `fd_smalltalk_content` VALUES ('152', '5. 创造就是1+1大于2', '31');
INSERT INTO `fd_smalltalk_content` VALUES ('153', '6. 结语', '31');
INSERT INTO `fd_smalltalk_content` VALUES ('154', '1. 导语', '32');
INSERT INTO `fd_smalltalk_content` VALUES ('155', '2. 合格层次：不要为了比喻而比喻', '32');
INSERT INTO `fd_smalltalk_content` VALUES ('156', '3. 优秀层次：文学在形式上的2种价值', '32');
INSERT INTO `fd_smalltalk_content` VALUES ('157', '4. 优异层次：一句话看出作者的匠心所在', '32');
INSERT INTO `fd_smalltalk_content` VALUES ('158', '5. 结语', '32');
INSERT INTO `fd_smalltalk_content` VALUES ('159', '1. 导语', '33');
INSERT INTO `fd_smalltalk_content` VALUES ('160', '2. 3个技巧，让你称霸朋友圈摄影大赛', '33');
INSERT INTO `fd_smalltalk_content` VALUES ('161', '3. 超人气摄影师的后期实用技术', '33');
INSERT INTO `fd_smalltalk_content` VALUES ('162', '4. 美图秀秀：效果更胜整容刀', '33');
INSERT INTO `fd_smalltalk_content` VALUES ('163', '5. 一键输出胶片文艺复古风照片', '33');
INSERT INTO `fd_smalltalk_content` VALUES ('164', '6. 结语', '33');
INSERT INTO `fd_smalltalk_content` VALUES ('165', '1. 六个词秒懂葡萄酒，现在就开始', '34');
INSERT INTO `fd_smalltalk_content` VALUES ('166', '2. 波尔多，100元就能挖到宝', '34');
INSERT INTO `fd_smalltalk_content` VALUES ('167', '3. 勃艮第，最懂酒的人都在喝', '34');
INSERT INTO `fd_smalltalk_content` VALUES ('168', '4. 香槟，无派对也能HIGH', '34');
INSERT INTO `fd_smalltalk_content` VALUES ('169', '5. 小甜水，好看的人都爱它', '34');
INSERT INTO `fd_smalltalk_content` VALUES ('170', '6. 西拉，最酷的个性派', '34');
INSERT INTO `fd_smalltalk_content` VALUES ('171', '7. 贺兰山，国产高富帅', '34');
INSERT INTO `fd_smalltalk_content` VALUES ('172', '8. 六个关键词的社交实战', '34');
INSERT INTO `fd_smalltalk_content` VALUES ('173', '9. 超值彩蛋', '34');
INSERT INTO `fd_smalltalk_content` VALUES ('174', '1. 引言', '35');
INSERT INTO `fd_smalltalk_content` VALUES ('175', '2. 神奇的霍金黑洞蒸发理论', '35');
INSERT INTO `fd_smalltalk_content` VALUES ('176', '2. 神奇的霍金黑洞蒸发理论', '35');

-- ----------------------------
-- Table structure for fd_special
-- ----------------------------
DROP TABLE IF EXISTS `fd_special`;
CREATE TABLE `fd_special` (
  `id` int(11) NOT NULL AUTO_INCREMENT,
  `title` varchar(255) DEFAULT NULL,
  `introduce` varchar(255) DEFAULT NULL,
  `special_img` varchar(255) DEFAULT NULL,
  PRIMARY KEY (`id`)
) ENGINE=MyISAM AUTO_INCREMENT=15 DEFAULT CHARSET=utf8;

-- ----------------------------
-- Records of fd_special
-- ----------------------------
INSERT INTO `fd_special` VALUES ('1', '理财实操课：手把手教你赚钱每一步', '简七主讲', 'https://medias.zaih.com/40eeaacedfad92e309282e368a9b_666x666.jpg');
INSERT INTO `fd_special` VALUES ('2', '十年十倍，你也能用的量化选股方法', '金伟民（持有封基）主讲', 'https://medias.zaih.com/40eeaacedfad92e309282e368a9b_666x666.jpg');
INSERT INTO `fd_special` VALUES ('3', '学点沟通心理，收获更好的人际关系', '简里里主讲', 'https://medias.zaih.com/40eeaacedfad92e309282e368a9b_666x666.jpg');
INSERT INTO `fd_special` VALUES ('4', '零基础理财攻略：从0存款到100万', '三公子主讲', 'https://medias.zaih.com/40eeaacedfad92e309282e368a9b_666x666.jpg');
INSERT INTO `fd_special` VALUES ('5', '轻松吃出好身材', '仰望尾迹云主讲', 'https://medias.zaih.com/40eeaacedfad92e309282e368a9b_666x666.jpg');
INSERT INTO `fd_special` VALUES ('6', '三招，买到高升值潜力房产', '孙不熟，孟祥远，王佳', 'https://medias.zaih.com/40eeaacedfad92e309282e368a9b_666x666.jpg');
INSERT INTO `fd_special` VALUES ('7', '未来一年，实现月薪翻倍', '温言，春雨', 'https://medias.zaih.com/40eeaacedfad92e309282e368a9b_666x666.jpg');
INSERT INTO `fd_special` VALUES ('8', '守住钱，女性婚姻更幸福', '于琦主讲', 'https://medias.zaih.com/40eeaacedfad92e309282e368a9b_666x666.jpg');
INSERT INTO `fd_special` VALUES ('9', '职场高效读书法', '朱晓华主讲', 'https://medias.zaih.com/40eeaacedfad92e309282e368a9b_666x666.jpg');
INSERT INTO `fd_special` VALUES ('10', '男生脱单秘籍：解放你的左右手', '成真，傅踢踢', 'https://medias.zaih.com/40eeaacedfad92e309282e368a9b_666x666.jpg');
INSERT INTO `fd_special` VALUES ('11', '女生真爱攻略：找到你的真命天子', '陆琪，寇乃馨', 'https://medias.zaih.com/40eeaacedfad92e309282e368a9b_666x666.jpg');
INSERT INTO `fd_special` VALUES ('12', '大公司如何了解用户', '王泽蕴主讲', 'https://medias.zaih.com/40eeaacedfad92e309282e368a9b_666x666.jpg');
INSERT INTO `fd_special` VALUES ('13', '4步练出好声音', '李蕾主讲', 'https://medias.zaih.com/40eeaacedfad92e309282e368a9b_666x666.jpg');
INSERT INTO `fd_special` VALUES ('14', '职场进阶沟通术', 'Major/老梅，李忠秋', 'https://medias.zaih.com/40eeaacedfad92e309282e368a9b_666x666.jpg');

-- ----------------------------
-- Table structure for fd_user
-- ----------------------------
DROP TABLE IF EXISTS `fd_user`;
CREATE TABLE `fd_user` (
  `id` int(11) NOT NULL AUTO_INCREMENT,
  `user_name` varchar(255) NOT NULL DEFAULT '分答用户',
  `user_pwd` varchar(255) NOT NULL DEFAULT '',
  `phone` varchar(255) NOT NULL DEFAULT '',
  `head_img` varchar(255) DEFAULT NULL,
  `total_income` int(11) NOT NULL DEFAULT '0',
  `total_profit` int(11) NOT NULL DEFAULT '0',
  `create_time` varchar(255) NOT NULL DEFAULT '0',
  `status` tinyint(3) NOT NULL DEFAULT '1',
  PRIMARY KEY (`id`)
) ENGINE=MyISAM AUTO_INCREMENT=52 DEFAULT CHARSET=utf8;

-- ----------------------------
-- Records of fd_user
-- ----------------------------
INSERT INTO `fd_user` VALUES ('1', '小胖0号', '123', '112', null, '0', '0', '0', '1');
INSERT INTO `fd_user` VALUES ('2', '小胖1号', '123', '113', null, '0', '0', '0', '1');
INSERT INTO `fd_user` VALUES ('3', '小胖2号', '123', '114', null, '0', '0', '0', '1');
INSERT INTO `fd_user` VALUES ('4', '小胖3号', '123', '115', null, '0', '0', '0', '1');
INSERT INTO `fd_user` VALUES ('5', '小胖4号', '123', '116', null, '0', '0', '0', '1');
INSERT INTO `fd_user` VALUES ('6', '小胖5号', '123', '117', null, '0', '0', '0', '1');
INSERT INTO `fd_user` VALUES ('7', '小胖6号', '123', '118', null, '0', '0', '0', '1');
INSERT INTO `fd_user` VALUES ('8', '小胖7号', '123', '119', null, '0', '0', '0', '1');
INSERT INTO `fd_user` VALUES ('9', '小胖8号', '123', '121', null, '0', '0', '0', '1');
INSERT INTO `fd_user` VALUES ('10', '小胖9号', '123', '122', null, '0', '0', '0', '1');
INSERT INTO `fd_user` VALUES ('11', '小胖10号', '123', '123', null, '0', '0', '0', '1');
INSERT INTO `fd_user` VALUES ('12', '小胖11号', '123', '124', null, '0', '0', '0', '1');
INSERT INTO `fd_user` VALUES ('13', '小胖12号', '123', '125', null, '0', '0', '0', '1');
INSERT INTO `fd_user` VALUES ('14', '小胖13号', '123', '126', null, '0', '0', '0', '1');
INSERT INTO `fd_user` VALUES ('15', '小胖14号', '123', '127', null, '0', '0', '0', '1');
INSERT INTO `fd_user` VALUES ('16', '小胖15号', '123', '128', null, '0', '0', '0', '1');
INSERT INTO `fd_user` VALUES ('17', '小胖16号', '123', '129', null, '0', '0', '0', '1');
INSERT INTO `fd_user` VALUES ('18', '小胖17号', '123', '130', null, '0', '0', '0', '1');
INSERT INTO `fd_user` VALUES ('19', '小胖18号', '123', '131', null, '0', '0', '0', '1');
INSERT INTO `fd_user` VALUES ('20', '小胖19号', '123', '132', null, '0', '0', '0', '1');
INSERT INTO `fd_user` VALUES ('21', '小胖20号', '123', '133', null, '0', '0', '0', '1');
INSERT INTO `fd_user` VALUES ('22', '小胖21号', '123', '134', null, '0', '0', '0', '1');
INSERT INTO `fd_user` VALUES ('23', '小胖22号', '123', '135', null, '0', '0', '0', '1');
INSERT INTO `fd_user` VALUES ('24', '小胖23号', '123', '136', null, '0', '0', '0', '1');
INSERT INTO `fd_user` VALUES ('25', '小胖24号', '123', '137', null, '0', '0', '0', '1');
INSERT INTO `fd_user` VALUES ('26', '小胖25号', '123', '138', null, '0', '0', '0', '1');
INSERT INTO `fd_user` VALUES ('27', '小胖26号', '123', '139', null, '0', '0', '0', '1');
INSERT INTO `fd_user` VALUES ('28', '小胖27号', '123', '140', null, '0', '0', '0', '1');
INSERT INTO `fd_user` VALUES ('29', '小胖28号', '123', '141', null, '0', '0', '0', '1');
INSERT INTO `fd_user` VALUES ('30', '小胖29号', '123', '142', null, '0', '0', '0', '1');

-- ----------------------------
-- Table structure for fd_vip
-- ----------------------------
DROP TABLE IF EXISTS `fd_vip`;
CREATE TABLE `fd_vip` (
  `id` int(11) NOT NULL AUTO_INCREMENT,
  `real_name` varchar(255) DEFAULT NULL,
  `identity` varchar(255) DEFAULT NULL,
  `price` int(11) NOT NULL DEFAULT '10',
  `become_time` varchar(255) NOT NULL DEFAULT '0',
  `is_real` tinyint(3) NOT NULL DEFAULT '0',
  `sort` tinyint(3) NOT NULL DEFAULT '1',
  `status` tinyint(3) NOT NULL DEFAULT '1',
  `vip_cate_id` int(11) NOT NULL DEFAULT '0',
  `listen_num` int(11) NOT NULL DEFAULT '0',
  `introduce` varchar(255) DEFAULT NULL,
  `user_id` int(11) NOT NULL DEFAULT '0',
  PRIMARY KEY (`id`)
) ENGINE=MyISAM AUTO_INCREMENT=37 DEFAULT CHARSET=utf8;

-- ----------------------------
-- Records of fd_vip
-- ----------------------------
INSERT INTO `fd_vip` VALUES ('2', '职场咨询帮', '资深职场导师，二级人资管理师', '45', '44464564', '0', '0', '1', '2', '14314', '<p>有问必答！国内顶尖专家送你实用锦囊，解决你的职场人际、职业规划、求职面试、五险一金、劳资维权、压力排解等工作方面问题。欢迎加“+收听”，随时免费听！学本领成为职场高手！</p>', '2');
INSERT INTO `fd_vip` VALUES ('3', '马华兴', '生涯咨询师/职场老中医/畅销书作者', '188', '1515151', '1', '1', '1', '1', '22132', '资深职业生涯咨询师培训师，数百个案经验', '9');
INSERT INTO `fd_vip` VALUES ('4', '杨峰', 'SunShine总裁&教育与职涯顾问', '78', '156151', '1', '1', '1', '1', '2232', '解决过很多机构难题和职涯问题，培训机构创业及运营、在线教育、学校管理、高端培训、家庭教育、中高考话题、生涯规划、职业发展、职场话题、时间/空间/知识共享经济等，欢迎大家提问！', '4');
INSERT INTO `fd_vip` VALUES ('5', '明略咨询邹小强', '厦门明略企业管理咨询公司 总经理', '99', '313135', '1', '1', '1', '1', '21', '厦门明略企业管理咨询公司总经理，擅长领域：战略管理、商业模式、创业服务。', '5');
INSERT INTO `fd_vip` VALUES ('6', '李动机（性格推理）', '性格推理+人职匹配+婚恋匹配', '38', '44646464', '1', '1', '1', '1', '56', 'GZ号《6核心性格》有名人案例，创立《6核心性格》理论，能通过照片/视频（一般30分钟）分析性格。解决人职匹配/婚恋匹配/心理成长，情商训练、过度敏感、自卑、抑郁、过度注重他人评价，太急躁，等系列问题', '7');
INSERT INTO `fd_vip` VALUES ('7', 'JULIA', '上市公司副总、生涯规划师、注册培训师', '8', '44646', '1', '1', '1', '1', '5', '回答关于人力资源管理、职业发展规划、演讲与口才提升、女性个人成长的问题。', '8');
INSERT INTO `fd_vip` VALUES ('8', '赵昂', '资深生涯咨询师，《在人生拐角处》作者', '93', '6465464', '1', '1', '1', '1', '21', '畅销书《在人生拐角处》作者，可以做你树洞的邻家大叔，一针见血地回答各类困惑：职业发展，生活平衡，转型定位，梦想实现……。公众号：昂sir人生。', '3');
INSERT INTO `fd_vip` VALUES ('9', '培训师俞亮', '生涯规划师、注册国际职业培训师', '30', '1311', '1', '1', '1', '1', '4894', '1、培训与演讲。授课500天+，学员3w人+。\r\n2、生涯规划。MBA讲师与资深职场导师，多所院校客座。\r\n3、个人品牌。欢迎关注微信订阅号“俞老师说（yulaoshishuo）。', '1');
INSERT INTO `fd_vip` VALUES ('10', '张丹茹 Angie', '斜杠青年／前运营总监，3000单行家', '53', '356556', '1', '1', '1', '1', '454', '时间管理特训营创始人，分享爱好者，在行行家，育儿达人，自媒体人，社群群主等等身份，如果你有关于职场比如如何面试、谈薪资、跳槽、自媒体运营、育儿、如何成为在行行家等问题，公众号Angie20160120', '23');
INSERT INTO `fd_vip` VALUES ('11', '鸿峰', '创业者；产品经理；', '46', '313155', '1', '1', '1', '2', '3131', '创业感悟；产品经理成长历程；复杂交易系统产品设计浅析；', '15');
INSERT INTO `fd_vip` VALUES ('12', '薇安 Viann', '世界500强企业全国高级总监', '100', '54646', '1', '1', '1', '2', '1353', '逾十年高管经验，在行行家，沟通管理专家，公众号薇安说（viannhe6) 创人。写关于成长的文章让数百万人受益。为你解答职场，沟通，管理，个人成长，人生智慧，家庭和育儿等方面的问题，欢迎提问。', '24');
INSERT INTO `fd_vip` VALUES ('13', '闫松-福克斯徳', '福克斯徳创始人-亚马逊实操落地专家', '65', '456546', '1', '1', '1', '2', '646', '跨境老兵，对亚马逊平台规则和运营策略有独到的见解，专注服务亚马逊卖家4年有余，乐于帮助卖家解决各种亚马逊运营难题！欢迎大家提出有关亚马逊的问题！', '14');
INSERT INTO `fd_vip` VALUES ('14', '李辉', '武汉客客信息技术有限公司运营总监', '54', '64644', '1', '1', '1', '2', '12', '聊聊有意思的事情，有什么问题尽管问我吧。', '18');
INSERT INTO `fd_vip` VALUES ('15', '朱晓华', '在行分答产品总监，读书狂', '54', '546546', '1', '1', '1', '2', '31', '每天工作11小时之余年读180本书，马拉松跑者，科幻小说骨灰爱好者。关于读书，互联网，分享经济，啥都可以聊聊。如果您是对分答，在行吐槽，我只要答了就会反问您一个问题，帮您挣钱。', '16');
INSERT INTO `fd_vip` VALUES ('16', '金龙', '公众号「金龙聊运营」号主', '74', '456546', '1', '1', '1', '2', '315', '有关「互联网运营」', '25');
INSERT INTO `fd_vip` VALUES ('17', '汪湕漍', '服装创业指南微信公众号主理人', '78', '468484', '1', '1', '1', '2', '5464', '老汪为阿里巴巴十大专家红人，阿里巴巴服装服饰圈圈主，阿里巴巴写手团导师，创办微信自媒体公众号:服装创业指南，创立日韩风格服装品牌:归客，老汪长期在四季青从事服装实体批发和在线电商业务！', '21');
INSERT INTO `fd_vip` VALUES ('18', '阿水哥', '雷鸟信息科技工作室创始人', '45', '456456', '1', '1', '1', '2', '64', '互联网创业话题，经济类话题，科技类话题，想问就问吧，我会给予独到的见解。', '20');
INSERT INTO `fd_vip` VALUES ('19', '莫邪说电商', '天弈智讯电子商务 运营总监', '23', '456546', '1', '1', '1', '2', '1222', '8年电商农民工、小创业公司CEO，服务过上市公司、也服务过屌丝创业新品牌。专业解决电商界及互联网各种疑难杂症。关于营销、自媒体、网红、八卦，可以问我', '28');
INSERT INTO `fd_vip` VALUES ('20', '范秦', '创业/产品/职场9.9分在行爆款行家', '21', '456456', '1', '1', '1', '2', '846', '终身学习者，分答首问赚了1500-。在行天团35行家之一，互联网产品经理特种兵。人大科技园最年轻的创业导师、果壳空间创业导师、跟谁学就业创业导师，百度学院职场沟通课题讲师。公众号pmfanqin', '22');

-- ----------------------------
-- Table structure for fd_vip_cate
-- ----------------------------
DROP TABLE IF EXISTS `fd_vip_cate`;
CREATE TABLE `fd_vip_cate` (
  `id` int(11) NOT NULL AUTO_INCREMENT,
  `cate_name` varchar(255) DEFAULT NULL,
  `status` tinyint(3) NOT NULL DEFAULT '1',
  PRIMARY KEY (`id`)
) ENGINE=MyISAM AUTO_INCREMENT=4 DEFAULT CHARSET=utf8;

-- ----------------------------
-- Records of fd_vip_cate
-- ----------------------------
INSERT INTO `fd_vip_cate` VALUES ('1', '职场', '1');
INSERT INTO `fd_vip_cate` VALUES ('2', '互联网', '1');

-- ----------------------------
-- Table structure for fd_vip_listen
-- ----------------------------
DROP TABLE IF EXISTS `fd_vip_listen`;
CREATE TABLE `fd_vip_listen` (
  `id` int(11) NOT NULL AUTO_INCREMENT,
  `vip_id` int(11) NOT NULL DEFAULT '0',
  `user_id` int(11) NOT NULL DEFAULT '0',
  PRIMARY KEY (`id`)
) ENGINE=MyISAM AUTO_INCREMENT=37 DEFAULT CHARSET=utf8;

-- ----------------------------
-- Records of fd_vip_listen
-- ----------------------------
INSERT INTO `fd_vip_listen` VALUES ('1', '1', '2');
INSERT INTO `fd_vip_listen` VALUES ('2', '1', '3');
INSERT INTO `fd_vip_listen` VALUES ('3', '1', '4');
INSERT INTO `fd_vip_listen` VALUES ('4', '2', '27');
INSERT INTO `fd_vip_listen` VALUES ('5', '2', '5');
INSERT INTO `fd_vip_listen` VALUES ('6', '2', '7');
INSERT INTO `fd_vip_listen` VALUES ('7', '2', '9');
INSERT INTO `fd_vip_listen` VALUES ('8', '3', '2');
INSERT INTO `fd_vip_listen` VALUES ('9', '3', '1');
INSERT INTO `fd_vip_listen` VALUES ('10', '4', '9');
INSERT INTO `fd_vip_listen` VALUES ('11', '4', '7');
INSERT INTO `fd_vip_listen` VALUES ('12', '5', '2');
INSERT INTO `fd_vip_listen` VALUES ('13', '6', '3');
INSERT INTO `fd_vip_listen` VALUES ('14', '7', '5');
INSERT INTO `fd_vip_listen` VALUES ('15', '7', '4');
INSERT INTO `fd_vip_listen` VALUES ('16', '8', '10');
INSERT INTO `fd_vip_listen` VALUES ('17', '8', '7');
INSERT INTO `fd_vip_listen` VALUES ('18', '8', '6');
INSERT INTO `fd_vip_listen` VALUES ('19', '9', '12');
INSERT INTO `fd_vip_listen` VALUES ('20', '10', '12');
INSERT INTO `fd_vip_listen` VALUES ('21', '11', '1');
INSERT INTO `fd_vip_listen` VALUES ('22', '12', '15');
INSERT INTO `fd_vip_listen` VALUES ('23', '13', '18');
INSERT INTO `fd_vip_listen` VALUES ('24', '14', '20');
INSERT INTO `fd_vip_listen` VALUES ('25', '15', '21');
INSERT INTO `fd_vip_listen` VALUES ('26', '16', '2');
INSERT INTO `fd_vip_listen` VALUES ('27', '17', '10');
INSERT INTO `fd_vip_listen` VALUES ('28', '18', '12');
INSERT INTO `fd_vip_listen` VALUES ('29', '19', '13');
INSERT INTO `fd_vip_listen` VALUES ('30', '20', '16');
INSERT INTO `fd_vip_listen` VALUES ('31', '17', '11');
INSERT INTO `fd_vip_listen` VALUES ('32', '16', '29');
INSERT INTO `fd_vip_listen` VALUES ('33', '15', '28');
INSERT INTO `fd_vip_listen` VALUES ('34', '14', '27');
INSERT INTO `fd_vip_listen` VALUES ('35', '13', '26');
INSERT INTO `fd_vip_listen` VALUES ('36', '12', '14');
